"날짜","지역","관광총소비(천원)","외식소비(천원)","숙박소비(천원)","관광활동(천원)"
"2022-01-01","영등포구","4599982","1771618","357869","41604"
"2022-01-02","영등포구","9078281","1552429","279999","39826"
"2022-01-03","영등포구","7136028","2084068","271439","31483"
"2022-01-04","영등포구","5862053","2122323","196385","29968"
"2022-01-05","영등포구","6190815","2252461","254864","21309"
"2022-01-06","영등포구","5883615","2384994","129480","24755"
"2022-01-07","영등포구","6990680","2408257","193586","27862"
"2022-01-08","영등포구","9383685","2426606","318092","88959"
"2022-01-09","영등포구","7186680","1932057","260570","55648"
"2022-01-10","영등포구","5260535","2047335","98075","18509"
"2022-01-11","영등포구","5564832","2177972","133832","21632"
"2022-01-12","영등포구","5710280","2228442","152807","31254"
"2022-01-13","영등포구","5996799","2284779","134561","22224"
"2022-01-14","영등포구","7192545","2486371","176099","29726"
"2022-01-15","영등포구","9323006","2644595","271383","62938"
"2022-01-16","영등포구","7850292","1784366","277030","48588"
"2022-01-17","영등포구","5651815","2136013","244070","27312"
"2022-01-18","영등포구","6094032","2242603","118983","61099"
"2022-01-19","영등포구","6358613","2350778","127183","38944"
"2022-01-20","영등포구","6435607","2480123","153653","26404"
"2022-01-21","영등포구","7216648","2590818","231349","41722"
"2022-01-22","영등포구","9221744","2655878","393365","56255"
"2022-01-23","영등포구","7646132","1916698","258093","57736"
"2022-01-24","영등포구","6315143","2258794","218066","51421"
"2022-01-25","영등포구","6508786","2448798","122911","27114"
"2022-01-26","영등포구","6569745","2510988","128360","35119"
"2022-01-27","영등포구","6941402","2497683","208146","27859"
"2022-01-28","영등포구","8778676","2797073","204758","54835"
"2022-01-29","영등포구","9366534","2132483","339087","44733"
"2022-01-30","영등포구","7861877","1634560","212545","51694"
"2022-01-31","영등포구","3229432","1152690","175459","31430"
"2022-02-01","영등포구","2161944","778615","143384","23438"
"2022-02-02","영등포구","6649497","1293770","135856","37427"
"2022-02-03","영등포구","5359848","1818785","187859","18399"
"2022-02-04","영등포구","6169286","2081854","163123","27156"
"2022-02-05","영등포구","7969794","2098510","275303","45979"
"2022-02-06","영등포구","6698496","1443759","150765","33946"
"2022-02-07","영등포구","4899864","1818164","158783","11101"
"2022-02-08","영등포구","5006405","1897405","328653","14454"
"2022-02-09","영등포구","5292285","1926548","141169","27696"
"2022-02-10","영등포구","5389270","2041196","123087","16485"
"2022-02-11","영등포구","7048526","2280074","192072","24399"
"2022-02-12","영등포구","9658142","2514119","317041","53439"
"2022-02-13","영등포구","7002881","1727963","413224","43449"
"2022-02-14","영등포구","6028312","1864758","243751","106194"
"2022-02-15","영등포구","5518735","1858736","171118","20590"
"2022-02-16","영등포구","5171097","1918765","141588","35188"
"2022-02-17","영등포구","5743622","2029702","122376","27483"
"2022-02-18","영등포구","6659318","2114154","153522","27806"
"2022-02-19","영등포구","8977464","2373665","500279","69524"
"2022-02-20","영등포구","7454234","1663788","380330","70156"
"2022-02-21","영등포구","5309208","1801508","168174","25266"
"2022-02-22","영등포구","5368864","2014710","123926","17725"
"2022-02-23","영등포구","5880065","1943207","236632","21924"
"2022-02-24","영등포구","5391967","1991269","133939","25804"
"2022-02-25","영등포구","7070188","2337377","192468","26241"
"2022-02-26","영등포구","8753740","2147433","349514","45929"
"2022-02-27","영등포구","7217276","1793127","333137","56571"
"2022-02-28","영등포구","7260272","2300763","246397","43991"
"2022-03-01","영등포구","7590391","1808420","195267","36099"
"2022-03-02","영등포구","5868055","1913776","162167","46170"
"2022-03-03","영등포구","5892975","2028443","119961","13443"
"2022-03-04","영등포구","6464362","2238676","227791","14535"
"2022-03-05","영등포구","8651484","2337334","277855","57046"
"2022-03-06","영등포구","6933582","1678317","269300","32719"
"2022-03-07","영등포구","4477688","1851902","168990","13197"
"2022-03-08","영등포구","6148880","2267970","134258","16101"
"2022-03-09","영등포구","7117795","1964786","190575","45495"
"2022-03-10","영등포구","4828119","1903551","118066","17547"
"2022-03-11","영등포구","6546028","2379906","139777","22127"
"2022-03-12","영등포구","9218714","2567039","314125","81117"
"2022-03-13","영등포구","7022166","1689192","348821","61120"
"2022-03-14","영등포구","5714054","1851659","174609","6240"
"2022-03-15","영등포구","5294019","1937306","82845","18560"
"2022-03-16","영등포구","5145180","2042034","87298","70707"
"2022-03-17","영등포구","5639345","2025883","105063","16969"
"2022-03-18","영등포구","6867947","2339110","145135","47893"
"2022-03-19","영등포구","8561373","2480973","213052","46759"
"2022-03-20","영등포구","8211880","1778738","339372","43611"
"2022-03-21","영등포구","4786187","1887732","170249","12237"
"2022-03-22","영등포구","5571615","2030032","97539","27544"
"2022-03-23","영등포구","5611237","2183057","228203","18898"
"2022-03-24","영등포구","5575901","2190619","231438","14388"
"2022-03-25","영등포구","6658542","2567959","174751","14379"
"2022-03-26","영등포구","9259347","2575130","274091","41559"
"2022-03-27","영등포구","7953151","2170679","322573","51837"
"2022-03-28","영등포구","5701845","2123736","210867","25183"
"2022-03-29","영등포구","5962390","2257840","91416","16938"
"2022-03-30","영등포구","6194775","2290038","154674","31653"
"2022-03-31","영등포구","6719400","2542685","163868","27611"
"2022-04-01","영등포구","7976517","2865136","187083","21246"
"2022-04-02","영등포구","10393865","2988422","432332","67723"
"2022-04-03","영등포구","8981106","2385498","353822","59991"
"2022-04-04","영등포구","6082762","2241638","209295","12419"
"2022-04-05","영등포구","6269826","2412803","116853","15674"
"2022-04-06","영등포구","6586226","2590344","123004","20628"
"2022-04-07","영등포구","6552269","2697334","129928","15187"
"2022-04-08","영등포구","8269468","3209777","256620","19283"
"2022-04-09","영등포구","10980112","3923693","295099","96593"
"2022-04-10","영등포구","9400452","3065568","416076","44089"
"2022-04-11","영등포구","6798317","2627256","211458","23353"
"2022-04-12","영등포구","6506244","2679633","129630","13659"
"2022-04-13","영등포구","6909582","2594003","146040","26914"
"2022-04-14","영등포구","6911244","2604802","97531","18923"
"2022-04-15","영등포구","8512508","3118870","166420","119399"
"2022-04-16","영등포구","11090219","3196381","444084","68564"
"2022-04-17","영등포구","9159140","2418933","316628","50198"
"2022-04-18","영등포구","4669467","2464891","230576","23432"
"2022-04-19","영등포구","6429009","2567743","105329","14801"
"2022-04-20","영등포구","7251874","2778405","188036","30365"
"2022-04-21","영등포구","6881652","2821508","119477","16696"
"2022-04-22","영등포구","7741441","3069345","191644","22814"
"2022-04-23","영등포구","11293959","3394504","302218","64032"
"2022-04-24","영등포구","8926044","2487159","337626","61864"
"2022-04-25","영등포구","6749446","2537381","180177","26299"
"2022-04-26","영등포구","6913173","2832966","173515","27896"
"2022-04-27","영등포구","7201831","2875461","119280","32103"
"2022-04-28","영등포구","7271951","3014684","114004","18839"
"2022-04-29","영등포구","9144055","3481004","214026","32818"
"2022-04-30","영등포구","12152854","3813634","449057","69138"
"2022-05-01","영등포구","11316892","2902050","311611","62721"
"2022-05-02","영등포구","7057279","2609365","118641","36879"
"2022-05-03","영등포구","7406281","2887978","137620","23730"
"2022-05-04","영등포구","8246666","3362491","225406","59071"
"2022-05-05","영등포구","11005852","3125332","377505","111537"
"2022-05-06","영등포구","9592509","3153958","190579","82076"
"2022-05-07","영등포구","10760677","3352592","270011","85341"
"2022-05-08","영등포구","8560083","2503095","205374","64592"
"2022-05-09","영등포구","6441562","2529444","144608","22567"
"2022-05-10","영등포구","6854206","2813515","90173","32613"
"2022-05-11","영등포구","6831484","2886501","134082","53437"
"2022-05-12","영등포구","7342877","2973350","123258","35229"
"2022-05-13","영등포구","8461868","3425594","161966","39391"
"2022-05-14","영등포구","11602609","3981213","362658","110007"
"2022-05-15","영등포구","9209520","2668970","202857","88968"
"2022-05-16","영등포구","5082581","2672025","137289","30892"
"2022-05-17","영등포구","7179174","2940752","219191","30682"
"2022-05-18","영등포구","6941857","2890495","116689","65957"
"2022-05-19","영등포구","7005090","3066776","111956","48578"
"2022-05-20","영등포구","8707132","3381267","245977","50249"
"2022-05-21","영등포구","11221663","3584479","459338","115337"
"2022-05-22","영등포구","8844693","2655263","216809","94977"
"2022-05-23","영등포구","6613781","2595441","134499","45640"
"2022-05-24","영등포구","6872110","2910769","121989","29573"
"2022-05-25","영등포구","7295210","3045102","157903","40182"
"2022-05-26","영등포구","7358068","3113064","216844","44904"
"2022-05-27","영등포구","8477288","3439586","173969","53080"
"2022-05-28","영등포구","11354539","3545741","573794","106165"
"2022-05-29","영등포구","9115557","2610313","201060","97048"
"2022-05-30","영등포구","6946076","2735521","132115","40879"
"2022-05-31","영등포구","8713551","3532113","166553","71678"
"2022-06-01","영등포구","9551976","2716954","169906","85502"
"2022-06-02","영등포구","6591887","2674490","130655","36504"
"2022-06-03","영등포구","8837112","3240574","199706","77705"
"2022-06-04","영등포구","10846101","3178431","486923","102830"
"2022-06-05","영등포구","9650225","2661997","413524","125351"
"2022-06-06","영등포구","7932313","2222756","167890","83231"
"2022-06-07","영등포구","6130309","2411196","107945","29600"
"2022-06-08","영등포구","6610184","2764495","161504","27751"
"2022-06-09","영등포구","6622309","2726180","107016","25138"
"2022-06-10","영등포구","8037928","3261433","191619","34137"
"2022-06-11","영등포구","10625805","3680179","347055","106301"
"2022-06-12","영등포구","8325084","2636451","157582","96586"
"2022-06-13","영등포구","5580522","2571201","182232","27999"
"2022-06-14","영등포구","6717015","2785043","89785","26613"
"2022-06-15","영등포구","6832164","2790396","128355","36892"
"2022-06-16","영등포구","7037787","2967933","113320","48040"
"2022-06-17","영등포구","7633791","3288398","158231","47118"
"2022-06-18","영등포구","10568920","3795422","337361","99121"
"2022-06-19","영등포구","8556208","2811257","238027","89253"
"2022-06-20","영등포구","5837827","2623019","127470","37492"
"2022-06-21","영등포구","6737191","2840896","142804","29578"
"2022-06-22","영등포구","7011749","3025440","95741","40072"
"2022-06-23","영등포구","6273141","2781091","106822","43319"
"2022-06-24","영등포구","8402906","3468626","189835","50468"
"2022-06-25","영등포구","11268125","3763938","420383","132890"
"2022-06-26","영등포구","8156239","2603883","213968","115029"
"2022-06-27","영등포구","6467982","2560721","135534","73373"
"2022-06-28","영등포구","6880112","2865774","129463","28808"
"2022-06-29","영등포구","6583623","2842664","156429","45046"
"2022-06-30","영등포구","6878143","2826870","143001","84733"
"2022-07-01","영등포구","8930933","3472656","249477","142924"
"2022-07-02","영등포구","11486608","3564908","711219","289997"
"2022-07-03","영등포구","8987845","2525635","343592","103953"
"2022-07-04","영등포구","6520622","2555383","168747","42520"
"2022-07-05","영등포구","6993306","2869769","138536","44834"
"2022-07-06","영등포구","7346029","2864074","131820","46718"
"2022-07-07","영등포구","6867949","2879310","132370","54137"
"2022-07-08","영등포구","9006676","3346330","212015","104644"
"2022-07-09","영등포구","11243245","3542058","580575","118640"
"2022-07-10","영등포구","9798317","2651695","214314","167181"
"2022-07-11","영등포구","5665998","2630278","113790","40911"
"2022-07-12","영등포구","6952804","2920835","101427","35188"
"2022-07-13","영등포구","6227511","2538873","119382","36341"
"2022-07-14","영등포구","7596542","3083581","127279","36170"
"2022-07-15","영등포구","8343635","3434640","202720","65803"
"2022-07-16","영등포구","10789516","3394784","283986","120894"
"2022-07-17","영등포구","8534406","2726918","263808","104379"
"2022-07-18","영등포구","6057969","2582591","108931","56028"
"2022-07-19","영등포구","6717205","2804123","133553","54629"
"2022-07-20","영등포구","7211649","2880044","146654","47104"
"2022-07-21","영등포구","7085316","3023509","170365","57891"
"2022-07-22","영등포구","8358409","3330968","270229","61081"
"2022-07-23","영등포구","9586273","3186587","333418","109814"
"2022-07-24","영등포구","7791520","2478374","245946","130257"
"2022-07-25","영등포구","6848968","2711431","149276","42016"
"2022-07-26","영등포구","7285239","2974209","138103","60996"
"2022-07-27","영등포구","7577573","3098817","274210","59460"
"2022-07-28","영등포구","7609964","3113633","168466","98261"
"2022-07-29","영등포구","9010201","3500677","272603","92175"
"2022-07-30","영등포구","10455966","3363133","320430","127980"
"2022-07-31","영등포구","8522607","2345808","240479","116643"
"2022-08-01","영등포구","7263972","2751310","254005","76621"
"2022-08-02","영등포구","6903280","2813290","186265","92516"
"2022-08-03","영등포구","7576605","2838004","237843","76381"
"2022-08-04","영등포구","7549031","2872482","189074","96049"
"2022-08-05","영등포구","8404686","3229093","208804","78213"
"2022-08-06","영등포구","10736048","3050184","463702","131113"
"2022-08-07","영등포구","8490399","2331700","228161","120791"
"2022-08-08","영등포구","4577834","2270596","231310","43988"
"2022-08-09","영등포구","5372392","1933729","175886","33222"
"2022-08-10","영등포구","6588840","2634831","190742","48791"
"2022-08-11","영등포구","7548467","2784932","168552","71177"
"2022-08-12","영등포구","8601100","3240137","205679","73026"
"2022-08-13","영등포구","9723591","2937019","335352","143653"
"2022-08-14","영등포구","8593550","2644286","301757","171359"
"2022-08-15","영등포구","8129725","2102082","199732","108501"
"2022-08-16","영등포구","7251595","2541969","225387","41199"
"2022-08-17","영등포구","7037924","2710219","173538","50219"
"2022-08-18","영등포구","7011974","2848875","134021","51932"
"2022-08-19","영등포구","8343301","3027858","220376","70260"
"2022-08-20","영등포구","10700724","3325654","455354","111999"
"2022-08-21","영등포구","8661044","2476400","276508","93096"
"2022-08-22","영등포구","6355884","2493301","325193","32273"
"2022-08-23","영등포구","6865010","2746644","133559","35467"
"2022-08-24","영등포구","7304938","2818077","89531","50567"
"2022-08-25","영등포구","7514156","2844761","135864","40611"
"2022-08-26","영등포구","8978442","3361406","208154","49459"
"2022-08-27","영등포구","11162282","3566585","538663","84969"
"2022-08-28","영등포구","8528804","2589506","285798","107361"
"2022-08-29","영등포구","6887748","2576045","139778","43064"
"2022-08-30","영등포구","7217362","2758916","148529","34669"
"2022-08-31","영등포구","7981752","3066745","128537","38120"
"2022-09-01","영등포구","8532549","3010563","141022","25439"
"2022-09-02","영등포구","9253844","3284064","266637","28526"
"2022-09-03","영등포구","11815811","3538402","438236","79942"
"2022-09-04","영등포구","10026317","2295228","352269","58329"
"2022-09-05","영등포구","5968545","2051949","137051","20703"
"2022-09-06","영등포구","7198114","2651000","98535","24903"
"2022-09-07","영등포구","8786843","2997623","239833","27758"
"2022-09-08","영등포구","9607447","3128762","198685","41871"
"2022-09-09","영등포구","5604809","2175417","377930","66956"
"2022-09-10","영등포구","3619110","1508699","208644","62189"
"2022-09-11","영등포구","8759904","2255434","188637","93750"
"2022-09-12","영등포구","8939718","2173644","189131","67738"
"2022-09-13","영등포구","6525205","2373453","159922","74402"
"2022-09-14","영등포구","6655327","2709282","115949","26439"
"2022-09-15","영등포구","7645032","2842077","106703","30145"
"2022-09-16","영등포구","8135472","3123306","181828","33519"
"2022-09-17","영등포구","11641946","3793076","379885","102871"
"2022-09-18","영등포구","9163708","2447807","311557","90037"
"2022-09-19","영등포구","6822771","2498873","145179","41260"
"2022-09-20","영등포구","6953312","2795361","100801","34189"
"2022-09-21","영등포구","7270907","2963370","153460","33768"
"2022-09-22","영등포구","7258806","2890707","126415","89581"
"2022-09-23","영등포구","8581327","3369937","171668","33631"
"2022-09-24","영등포구","10892238","3653700","430254","94308"
"2022-09-25","영등포구","8956608","2662283","384339","71464"
"2022-09-26","영등포구","6793317","2637601","131863","22189"
"2022-09-27","영등포구","6630455","2720901","95570","22795"
"2022-09-28","영등포구","7456705","2965791","135288","26105"
"2022-09-29","영등포구","7041408","2979279","145095","44090"
"2022-09-30","영등포구","8943601","3536763","208023","48030"
"2022-10-01","영등포구","11760175","3673617","701461","174613"
"2022-10-02","영등포구","10412610","2953630","370684","207674"
"2022-10-03","영등포구","8507991","2272503","257625","118780"
"2022-10-04","영등포구","6590737","2663046","142728","40095"
"2022-10-05","영등포구","6961078","2892963","105630","80699"
"2022-10-06","영등포구","7260628","3019589","192757","36165"
"2022-10-07","영등포구","8946102","3426883","215428","58355"
"2022-10-08","영등포구","11614595","3955456","551424","159042"
"2022-10-09","영등포구","10369946","3232959","616238","135449"
"2022-10-10","영등포구","8924192","2406213","155292","132686"
"2022-10-11","영등포구","6655652","2687665","141485","31190"
"2022-10-12","영등포구","7302952","2952557","201671","38738"
"2022-10-13","영등포구","7505189","2994153","121456","40414"
"2022-10-14","영등포구","8797650","3515407","259691","39734"
"2022-10-15","영등포구","10758364","3738696","272063","125416"
"2022-10-16","영등포구","9495860","2642071","264020","96307"
"2022-10-17","영등포구","4925878","2634614","169681","57566"
"2022-10-18","영등포구","7775773","2878391","118884","93964"
"2022-10-19","영등포구","7607920","2969403","148855","83379"
"2022-10-20","영등포구","7835631","3093340","131152","35871"
"2022-10-21","영등포구","9197470","3569928","189221","52391"
"2022-10-22","영등포구","11584527","3754739","379320","141881"
"2022-10-23","영등포구","9141857","2778997","310928","99539"
"2022-10-24","영등포구","6731682","2650374","170689","26025"
"2022-10-25","영등포구","7146747","2953593","118125","34148"
"2022-10-26","영등포구","7814598","3001350","133310","37867"
"2022-10-27","영등포구","7812056","3207085","178105","35623"
"2022-10-28","영등포구","9008895","3618023","293530","72564"
"2022-10-29","영등포구","10848341","3499989","261863","118171"
"2022-10-30","영등포구","9325200","2635267","282326","115240"
"2022-10-31","영등포구","7137869","2879895","184668","39731"
"2022-11-01","영등포구","6792139","2856512","160327","18013"
"2022-11-02","영등포구","6948693","2903902","168513","29800"
"2022-11-03","영등포구","7073951","2925864","106845","21143"
"2022-11-04","영등포구","8707505","3334094","174924","34589"
"2022-11-05","영등포구","11296382","3383026","485497","78439"
"2022-11-06","영등포구","10214258","2759840","504528","77687"
"2022-11-07","영등포구","6496536","2477263","155992","30530"
"2022-11-08","영등포구","7029240","2810692","94159","24558"
"2022-11-09","영등포구","7461068","2868285","286484","29750"
"2022-11-10","영등포구","7751458","3091016","206325","31254"
"2022-11-11","영등포구","9636268","3579242","199285","53114"
"2022-11-12","영등포구","11660545","3771346","461423","97157"
"2022-11-13","영등포구","10276428","2676147","440076","76443"
"2022-11-14","영등포구","5013003","2600207","168669","31672"
"2022-11-15","영등포구","7343311","2926587","125716","82451"
"2022-11-16","영등포구","8322924","3036624","144186","28460"
"2022-11-17","영등포구","7638606","3142323","186611","35883"
"2022-11-18","영등포구","9316359","3567498","244766","98377"
"2022-11-19","영등포구","11356453","3848459","380171","152808"
"2022-11-20","영등포구","10062997","2780656","455006","83923"
"2022-11-21","영등포구","6836907","2711237","159943","34161"
"2022-11-22","영등포구","7119262","2909774","115487","24195"
"2022-11-23","영등포구","7319900","3026489","109461","41035"
"2022-11-24","영등포구","7408912","2931079","128513","37282"
"2022-11-25","영등포구","8932816","3525860","289962","48631"
"2022-11-26","영등포구","11414729","3749406","433367","104784"
"2022-11-27","영등포구","9436800","2812405","509293","91542"
"2022-11-28","영등포구","6664381","2482513","148034","51237"
"2022-11-29","영등포구","7755961","3009651","119027","24554"
"2022-11-30","영등포구","8868890","3077023","156132","66003"
"2022-12-01","영등포구","7992014","3289656","151119","84059"
"2022-12-02","영등포구","8792109","3422151","200200","48055"
"2022-12-03","영등포구","11402137","3844296","537625","96333"
"2022-12-04","영등포구","10249413","2877248","390435","80517"
"2022-12-05","영등포구","6320681","2429605","155973","22406"
"2022-12-06","영등포구","6981357","2850277","102007","37350"
"2022-12-07","영등포구","7426927","3061591","193892","38284"
"2022-12-08","영등포구","7715523","3127151","179057","55866"
"2022-12-09","영등포구","8926953","3871303","230651","41488"
"2022-12-10","영등포구","12159730","4504709","588648","89268"
"2022-12-11","영등포구","10162902","3061194","439603","70123"
"2022-12-12","영등포구","6900367","2703177","266602","22921"
"2022-12-13","영등포구","7589239","2917269","110712","47071"
"2022-12-14","영등포구","8404925","3087919","243193","100972"
"2022-12-15","영등포구","8281692","3267566","154207","65304"
"2022-12-16","영등포구","9660982","3798199","280768","54845"
"2022-12-17","영등포구","12752188","4456101","639020","123204"
"2022-12-18","영등포구","10805591","3160519","655248","83605"
"2022-12-19","영등포구","7885280","2854312","262786","44350"
"2022-12-20","영등포구","8611994","3257158","186561","43501"
"2022-12-21","영등포구","8055803","3379948","183070","42825"
"2022-12-22","영등포구","9197413","3453000","243145","42672"
"2022-12-23","영등포구","10491389","3832071","344344","52964"
"2022-12-24","영등포구","12977701","3976011","377060","107222"
"2022-12-25","영등포구","9367234","3194683","246077","98889"
"2022-12-26","영등포구","8155728","3075486","253727","59908"
"2022-12-27","영등포구","8063167","3517843","168815","63956"
"2022-12-28","영등포구","8647117","3640267","215550","64602"
"2022-12-29","영등포구","8639370","3704497","286703","62089"
"2022-12-30","영등포구","10390299","3910019","446722","87683"
"2022-12-31","영등포구","11148406","3194296","310381","82501"
"2023-01-01","영등포구","5111678","2332059","261241","107503"
"2023-01-02","영등포구","8697674","2573440","306049","59220"
"2023-01-03","영등포구","7506671","2806107","330124","53559"
"2023-01-04","영등포구","7844219","3019025","217304","65148"
"2023-01-05","영등포구","7550842","3100631","114156","56071"
"2023-01-06","영등포구","8499729","3509055","264225","80577"
"2023-01-07","영등포구","11639148","3747973","600825","255408"
"2023-01-08","영등포구","8979314","2677201","310819","232855"
"2023-01-09","영등포구","6916356","2693436","116273","92479"
"2023-01-10","영등포구","7211797","3050639","168301","80406"
"2023-01-11","영등포구","7348374","3163095","135471","88486"
"2023-01-12","영등포구","7432827","3356942","148604","99106"
"2023-01-13","영등포구","8513943","3536762","168539","56738"
"2023-01-14","영등포구","11516347","4042707","516617","183471"
"2023-01-15","영등포구","9668645","2596606","339394","135219"
"2023-01-16","영등포구","7166187","2760020","179908","88453"
"2023-01-17","영등포구","7343732","3149133","99939","93681"
"2023-01-18","영등포구","7809824","3398742","172484","80563"
"2023-01-19","영등포구","8763943","3364786","101764","65963"
"2023-01-20","영등포구","9568133","3296206","146517","88895"
"2023-01-21","영등포구","4995703","2042746","240851","152408"
"2023-01-22","영등포구","2832882","1386782","209615","136427"
"2023-01-23","영등포구","8960891","2292070","182773","244663"
"2023-01-24","영등포구","6994154","1823970","170466","93174"
"2023-01-25","영등포구","6332389","2478539","275387","69486"
"2023-01-26","영등포구","6488978","3007499","135081","92264"
"2023-01-27","영등포구","8283724","3511757","167100","133327"
"2023-01-28","영등포구","10560242","3614636","378092","254494"
"2023-01-29","영등포구","8823949","2595348","314319","192365"
"2023-01-30","영등포구","7146252","2901663","247447","77349"
"2023-01-31","영등포구","7991977","3115104","183329","63595"
"2023-02-01","영등포구","6957712","3123752","216230","50475"
"2023-02-02","영등포구","6921767","3073535","135131","70348"
"2023-02-03","영등포구","8130200","3522391","162311","58037"
"2023-02-04","영등포구","11324476","3911942","488754","114300"
"2023-02-05","영등포구","9779673","2756348","466952","106689"
"2023-02-06","영등포구","6810026","2570723","226923","50659"
"2023-02-07","영등포구","7582341","2873619","449419","62835"
"2023-02-08","영등포구","6870078","2996646","189254","71504"
"2023-02-09","영등포구","6854601","3090166","178416","77536"
"2023-02-10","영등포구","8849948","3664200","216541","67727"
"2023-02-11","영등포구","11534457","3930209","698480","128008"
"2023-02-12","영등포구","9347369","2681133","761801","94605"
"2023-02-13","영등포구","6836538","2686824","241158","53863"
"2023-02-14","영등포구","7390141","3157528","246427","57629"
"2023-02-15","영등포구","6840891","3079927","140538","77356"
"2023-02-16","영등포구","7324344","3226940","154908","94177"
"2023-02-17","영등포구","8428607","3660009","295863","93241"
"2023-02-18","영등포구","10944924","3948561","434631","149008"
"2023-02-19","영등포구","9411535","2845318","460015","124934"
"2023-02-20","영등포구","6898924","2748586","206261","79661"
"2023-02-21","영등포구","7119334","3072001","141121","69160"
"2023-02-22","영등포구","7085835","3114151","156337","73778"
"2023-02-23","영등포구","7354973","3180076","222188","66967"
"2023-02-24","영등포구","9270732","3851990","291306","99051"
"2023-02-25","영등포구","11370993","3926497","476862","126515"
"2023-02-26","영등포구","9830848","2960379","607393","124887"
"2023-02-27","영등포구","8046499","2997991","218198","87858"
"2023-02-28","영등포구","9272288","3823298","198162","83812"
"2023-03-01","영등포구","10828974","2878034","281327","117978"
"2023-03-02","영등포구","6959429","2747179","130448","90802"
"2023-03-03","영등포구","8400491","3344536","158355","48370"
"2023-03-04","영등포구","10844245","3553700","259726","148761"
"2023-03-05","영등포구","9984011","2712154","637758","93315"
"2023-03-06","영등포구","6459812","2606296","275062","40459"
"2023-03-07","영등포구","7031130","2812218","179982","37277"
"2023-03-08","영등포구","7373659","2938896","173058","50549"
"2023-03-09","영등포구","6835177","3009716","126314","94198"
"2023-03-10","영등포구","8869284","3531142","158790","55949"
"2023-03-11","영등포구","11247079","3746121","411258","172975"
"2023-03-12","영등포구","8593213","2562058","375673","113508"
"2023-03-13","영등포구","7112901","2588927","268754","69318"
"2023-03-14","영등포구","7640619","3018547","185681","81384"
"2023-03-15","영등포구","7043659","2961834","88877","80159"
"2023-03-16","영등포구","7313513","3085913","120463","34332"
"2023-03-17","영등포구","8825829","3663613","184488","46858"
"2023-03-18","영등포구","11630756","3904688","558394","119817"
"2023-03-19","영등포구","9812271","2779814","327890","102488"
"2023-03-20","영등포구","4953805","2659788","179499","53725"
"2023-03-21","영등포구","7036626","2979324","157792","37620"
"2023-03-22","영등포구","6950509","3088694","100078","31024"
"2023-03-23","영등포구","7633918","3172906","143204","45412"
"2023-03-24","영등포구","8762751","3733780","181955","54848"
"2023-03-25","영등포구","11008403","3907487","429462","120702"
"2023-03-26","영등포구","9327698","3018517","413892","98620"
"2023-03-27","영등포구","7030703","2843616","179064","159883"
"2023-03-28","영등포구","6940536","3064173","231868","31192"
"2023-03-29","영등포구","7552967","3202894","110368","45907"
"2023-03-30","영등포구","8186965","3434811","189775","54121"
"2023-03-31","영등포구","10010203","4095917","229092","187683"
"2023-04-01","영등포구","12963674","4533952","419102","289394"
"2023-04-02","영등포구","11269915","3170516","451907","275770"
"2023-04-03","영등포구","7803287","3017862","232546","133280"
"2023-04-04","영등포구","7203444","2938151","196546","104032"
"2023-04-05","영등포구","6643160","2887474","131579","53100"
"2023-04-06","영등포구","7145165","2871082","122312","93617"
"2023-04-07","영등포구","8537552","3573224","201038","144663"
"2023-04-08","영등포구","11608927","3718097","408656","314460"
"2023-04-09","영등포구","8641785","2771569","237514","286370"
"2023-04-10","영등포구","6425622","2677317","153967","104309"
"2023-04-11","영등포구","6947951","2713414","89441","77504"
"2023-04-12","영등포구","7390168","2979676","139396","180806"
"2023-04-13","영등포구","7219890","3080513","95979","100560"
"2023-04-14","영등포구","9336142","3562874","208803","83110"
"2023-04-15","영등포구","11532519","3978115","338648","263828"
"2023-04-16","영등포구","9894472","2668042","392082","226898"
"2023-04-17","영등포구","4895986","2743276","194579","101148"
"2023-04-18","영등포구","7084721","2749334","126771","166210"
"2023-04-19","영등포구","7204109","3061759","169450","75758"
"2023-04-20","영등포구","7267533","3039371","110637","96159"
"2023-04-21","영등포구","9000606","3596751","161007","115360"
"2023-04-22","영등포구","11368552","3636757","319210","281405"
"2023-04-23","영등포구","8834839","2739084","229899","213759"
"2023-04-24","영등포구","6723506","2648145","155188","117854"
"2023-04-25","영등포구","6531946","2803585","157315","56833"
"2023-04-26","영등포구","7494067","3150103","114817","105382"
"2023-04-27","영등포구","7709218","3274772","104224","124761"
"2023-04-28","영등포구","9221203","3739317","192175","160620"
"2023-04-29","영등포구","10880198","3659792","375872","190855"
"2023-04-30","영등포구","10015047","3148998","175382","334944"
"2023-05-01","영등포구","9091150","2488935","128689","208557"
"2023-05-02","영등포구","6951835","2753822","151318","99463"
"2023-05-03","영등포구","7529897","3040226","99756","155614"
"2023-05-04","영등포구","8159131","3333332","140003","108721"
"2023-05-05","영등포구","10063922","2998171","421177","149732"
"2023-05-06","영등포구","10264370","3668718","211187","276810"
"2023-05-07","영등포구","9218455","2870432","172577","144938"
"2023-05-08","영등포구","7405260","2767624","114086","92262"
"2023-05-09","영등포구","6526330","2865915","85693","131313"
"2023-05-10","영등포구","7495681","2979808","146570","100567"
"2023-05-11","영등포구","7877175","3053635","343391","86374"
"2023-05-12","영등포구","8210934","3471478","188076","119887"
"2023-05-13","영등포구","11357704","3755285","375046","226744"
"2023-05-14","영등포구","8917710","2777280","395123","230088"
"2023-05-15","영등포구","5719673","2662719","71853","75627"
"2023-05-16","영등포구","7018052","2873478","115343","87060"
"2023-05-17","영등포구","7137077","2999137","126047","84920"
"2023-05-18","영등포구","7062853","3056559","82212","75043"
"2023-05-19","영등포구","9041116","3578397","178845","128367"
"2023-05-20","영등포구","11514985","3973716","284093","239932"
"2023-05-21","영등포구","9154137","2747740","417251","228234"
"2023-05-22","영등포구","5675870","2704778","101813","64375"
"2023-05-23","영등포구","7035061","2965849","136196","99718"
"2023-05-24","영등포구","7214287","3079967","97639","92525"
"2023-05-25","영등포구","7863389","3205557","130213","92867"
"2023-05-26","영등포구","8251516","3519394","176665","105696"
"2023-05-27","영등포구","10022544","3249217","482154","313991"
"2023-05-28","영등포구","8651219","2924710","454014","281675"
"2023-05-29","영등포구","8414659","2340692","129593","143926"
"2023-05-30","영등포구","6786066","2866203","110942","65598"
"2023-05-31","영등포구","7492115","3136778","74361","118586"
"2023-06-01","영등포구","7114694","2983038","109820","75801"
"2023-06-02","영등포구","7978822","3312726","115220","117294"
"2023-06-03","영등포구","11132859","3758315","440545","250985"
"2023-06-04","영등포구","8825028","2647139","248656","283440"
"2023-06-05","영등포구","7811739","3131558","177195","223567"
"2023-06-06","영등포구","8179825","2558831","133507","208725"
"2023-06-07","영등포구","6237758","2617277","94271","82242"
"2023-06-08","영등포구","6482994","2853217","135055","177938"
"2023-06-09","영등포구","7937224","3324449","116209","84072"
"2023-06-10","영등포구","10275523","3688932","203114","216784"
"2023-06-11","영등포구","8329295","2608734","261421","163436"
"2023-06-12","영등포구","6016296","2575459","91670","77406"
"2023-06-13","영등포구","7712788","2835780","71585","62842"
"2023-06-14","영등포구","6693158","2921862","127433","63388"
"2023-06-15","영등포구","7248519","3104881","82821","95523"
"2023-06-16","영등포구","8482798","3460572","143999","91122"
"2023-06-17","영등포구","10423572","3714572","395359","214565"
"2023-06-18","영등포구","9020758","2809769","280962","169411"
"2023-06-19","영등포구","5103394","2719679","98749","93973"
"2023-06-20","영등포구","7227125","2975650","212404","59413"
"2023-06-21","영등포구","7087644","2965003","200289","96717"
"2023-06-22","영등포구","7318510","3197786","145490","224742"
"2023-06-23","영등포구","8680512","3594491","157521","357045"
"2023-06-24","영등포구","11381578","3921265","348960","521220"
"2023-06-25","영등포구","8437355","2830704","137261","152556"
"2023-06-26","영등포구","6265455","2682689","122503","51040"
"2023-06-27","영등포구","7438511","3096719","120383","65165"
"2023-06-28","영등포구","7433508","3265432","113101","101141"
"2023-06-29","영등포구","6656862","2953772","158393","63840"
"2023-06-30","영등포구","9135131","3741951","197480","72368"
"2023-07-01","영등포구","11557802","3897386","288631","190803"
"2023-07-02","영등포구","9338975","2595292","221915","149840"
"2023-07-03","영등포구","7439743","2748744","132331","151890"
"2023-07-04","영등포구","6712092","2726960","110399","53321"
"2023-07-05","영등포구","7011318","3144858","108956","59954"
"2023-07-06","영등포구","7309130","3169193","105748","83194"
"2023-07-07","영등포구","8840160","3656338","131055","99135"
"2023-07-08","영등포구","11341330","3733449","477283","182777"
"2023-07-09","영등포구","8682912","2662577","261400","163715"
"2023-07-10","영등포구","6115927","2783920","194513","71307"
"2023-07-11","영등포구","6224653","2688196","122702","50032"
"2023-07-12","영등포구","7202468","3040188","154813","89316"
"2023-07-13","영등포구","7712668","2703710","97455","62823"
"2023-07-14","영등포구","8665098","3225650","181871","76849"
"2023-07-15","영등포구","10163443","3620987","467243","145299"
"2023-07-16","영등포구","8506321","2609161","313661","122158"
"2023-07-17","영등포구","5688931","2774555","119694","56502"
"2023-07-18","영등포구","6812307","2947625","151178","59809"
"2023-07-19","영등포구","6908913","3087819","134721","72916"
"2023-07-20","영등포구","7338308","3222980","129052","199182"
"2023-07-21","영등포구","9046812","3614297","138293","153601"
"2023-07-22","영등포구","10873106","3583958","483406","202147"
"2023-07-23","영등포구","8307959","2409263","182439","139134"
"2023-07-24","영등포구","7303936","2812140","115594","132371"
"2023-07-25","영등포구","7291426","3188819","195572","115697"
"2023-07-26","영등포구","7610296","3192293","170611","134280"
"2023-07-27","영등포구","8022582","3321372","122533","125706"
"2023-07-28","영등포구","9103945","3812102","178045","159873"
"2023-07-29","영등포구","11598690","3642919","276041","252551"
"2023-07-30","영등포구","9607319","2712269","271865","272115"
"2023-07-31","영등포구","8413917","3156125","202904","201631"
"2023-08-01","영등포구","7857327","3179682","151963","185258"
"2023-08-02","영등포구","8173306","3174759","162601","168145"
"2023-08-03","영등포구","8254475","3208058","162081","306262"
"2023-08-04","영등포구","8609977","3428629","206327","172170"
"2023-08-05","영등포구","10983420","3309165","258631","210214"
"2023-08-06","영등포구","9671177","2437577","185311","184300"
"2023-08-07","영등포구","5865302","2739228","163038","87721"
"2023-08-08","영등포구","7124958","2901214","116570","102800"
"2023-08-09","영등포구","7147574","3071809","165961","78249"
"2023-08-10","영등포구","5788404","2095254","106231","144723"
"2023-08-11","영등포구","7996939","3237992","145695","106799"
"2023-08-12","영등포구","9975601","3362238","566927","216607"
"2023-08-13","영등포구","8124277","2582605","294930","222736"
"2023-08-14","영등포구","7928613","3209150","177572","158844"
"2023-08-15","영등포구","8818506","2684715","174571","217576"
"2023-08-16","영등포구","6735999","2733912","142214","95722"
"2023-08-17","영등포구","7274383","3029184","310947","95111"
"2023-08-18","영등포구","8604175","3440719","297572","196867"
"2023-08-19","영등포구","10134348","3657245","442662","169223"
"2023-08-20","영등포구","8303371","2651081","288564","156573"
"2023-08-21","영등포구","5662059","2677116","170092","69531"
"2023-08-22","영등포구","6456624","2741154","89122","71022"
"2023-08-23","영등포구","6280567","2844601","96227","61398"
"2023-08-24","영등포구","7244306","3092313","133306","107133"
"2023-08-25","영등포구","8441774","3603879","178564","76581"
"2023-08-26","영등포구","10271073","3890773","347216","171282"
"2023-08-27","영등포구","7985492","2735517","418341","149111"
"2023-08-28","영등포구","6365661","2562153","101800","85297"
"2023-08-29","영등포구","6479611","2843041","127396","94501"
"2023-08-30","영등포구","7147792","3122021","167658","131942"
"2023-08-31","영등포구","8059664","3322812","114338","93894"
"2023-09-01","영등포구","9433748","3658329","239063","81140"
"2023-09-02","영등포구","11901720","4065572","750112","182532"
"2023-09-03","영등포구","10002001","2687745","397617","119669"
"2023-09-04","영등포구","6847130","2808241","184022","81003"
"2023-09-05","영등포구","7267975","2917847","102090","63098"
"2023-09-06","영등포구","7507476","3042706","88832","107322"
"2023-09-07","영등포구","7310961","3036543","159054","89172"
"2023-09-08","영등포구","8837627","3568201","122368","117717"
"2023-09-09","영등포구","11452378","3941805","296137","151887"
"2023-09-10","영등포구","9124673","2765689","211027","139492"
"2023-09-11","영등포구","7154143","2630596","128244","79905"
"2023-09-12","영등포구","7237876","2938749","154645","131133"
"2023-09-13","영등포구","7107016","2914691","101710","91522"
"2023-09-14","영등포구","7491224","3123560","139950","76900"
"2023-09-15","영등포구","9720202","3663831","209157","82993"
"2023-09-16","영등포구","12427203","4031581","316335","141473"
"2023-09-17","영등포구","10576850","2764840","411705","173542"
"2023-09-18","영등포구","7115545","2706034","205801","64101"
"2023-09-19","영등포구","7271483","2955454","99169","67975"
"2023-09-20","영등포구","7208175","2824201","130694","165340"
"2023-09-21","영등포구","8058133","3211603","86461","60603"
"2023-09-22","영등포구","8917639","3620116","131091","73298"
"2023-09-23","영등포구","11728077","3632976","348861","183830"
"2023-09-24","영등포구","9317641","2764429","293687","163460"
"2023-09-25","영등포구","7564394","2860109","105479","92398"
"2023-09-26","영등포구","7708884","2993658","90069","80972"
"2023-09-27","영등포구","9600169","3259833","256416","131099"
"2023-09-28","영등포구","5377490","2185869","239866","179587"
"2023-09-29","영등포구","3041444","1219445","172128","321630"
"2023-09-30","영등포구","9175199","2341178","209806","493603"
"2023-10-01","영등포구","9204805","2551529","185648","492147"
"2023-10-02","영등포구","8909823","2729241","192096","364196"
"2023-10-03","영등포구","8212064","2218706","102004","205170"
"2023-10-04","영등포구","5759795","2364879","80185","96095"
"2023-10-05","영등포구","6456644","2670505","141425","176412"
"2023-10-06","영등포구","8290266","3085285","223157","105555"
"2023-10-07","영등포구","10279266","3406519","494242","246906"
"2023-10-08","영등포구","9429368","2917522","327240","378962"
"2023-10-09","영등포구","8446780","2287955","142864","243060"
"2023-10-10","영등포구","6571167","2554529","106640","100993"
"2023-10-11","영등포구","6388346","2723905","116187","152938"
"2023-10-12","영등포구","6771588","2864486","144111","104287"
"2023-10-13","영등포구","8605022","3272519","134028","120855"
"2023-10-14","영등포구","11114497","3416158","301279","237799"
"2023-10-15","영등포구","10267776","2886244","494911","215560"
"2023-10-16","영등포구","4782598","2580540","88775","86580"
"2023-10-17","영등포구","6856615","2754745","80041","249306"
"2023-10-18","영등포구","6669096","2863829","118381","104388"
"2023-10-19","영등포구","6986023","2792399","169734","96227"
"2023-10-20","영등포구","8360652","3510189","118703","128171"
"2023-10-21","영등포구","11508157","3876510","560733","273935"
"2023-10-22","영등포구","8488046","2573445","199193","221206"
"2023-10-23","영등포구","6534857","2555216","78113","125056"
"2023-10-24","영등포구","6443718","2823617","170292","182082"
"2023-10-25","영등포구","6617577","2951019","71606","131334"
"2023-10-26","영등포구","7104741","3102670","104113","100334"
"2023-10-27","영등포구","8270533","3411149","209240","117119"
"2023-10-28","영등포구","10441196","3698978","432126","230150"
"2023-10-29","영등포구","8455559","2629832","229084","206813"
"2023-10-30","영등포구","6309924","2661944","107039","99924"
"2023-10-31","영등포구","7062489","2928485","202447","86334"
"2023-11-01","영등포구","7099966","2787816","95562","119615"
"2023-11-02","영등포구","6895758","2906172","114477","73434"
"2023-11-03","영등포구","8679907","3304767","233604","56051"
"2023-11-04","영등포구","10580778","3460709","650904","114915"
"2023-11-05","영등포구","8583432","2720140","284196","84711"
"2023-11-06","영등포구","5687063","2341651","122291","44498"
"2023-11-07","영등포구","6538493","2630122","71209","37245"
"2023-11-08","영등포구","6936094","2801932","105610","41521"
"2023-11-09","영등포구","7444511","2900092","87061","47232"
"2023-11-10","영등포구","9183792","3281309","157396","64292"
"2023-11-11","영등포구","11974498","3397709","478936","110044"
"2023-11-12","영등포구","10829856","2535210","305345","70942"
"2023-11-13","영등포구","6337220","2518667","169567","36108"
"2023-11-14","영등포구","7029770","2760218","116472","78951"
"2023-11-15","영등포구","7271768","3024780","101267","42198"
"2023-11-16","영등포구","7122695","2821370","100669","135767"
"2023-11-17","영등포구","9226616","3338430","188212","69661"
"2023-11-18","영등포구","13744566","3631502","457175","93038"
"2023-11-19","영등포구","11313834","2791344","281606","97234"
"2023-11-20","영등포구","6930136","2605460","171738","41917"
"2023-11-21","영등포구","7367999","2855227","83885","29795"
"2023-11-22","영등포구","7307822","2942450","117646","78656"
"2023-11-23","영등포구","7267017","3082028","135241","53187"
"2023-11-24","영등포구","9352233","3490276","192882","79477"
"2023-11-25","영등포구","12259291","4038513","400148","127180"
"2023-11-26","영등포구","9259819","2688403","618268","112356"
"2023-11-27","영등포구","6197991","2607472","220280","58886"
"2023-11-28","영등포구","7445505","2928091","188932","43048"
"2023-11-29","영등포구","7299373","2971468","119391","66381"
"2023-11-30","영등포구","7852048","3173937","137986","56901"
"2023-12-01","영등포구","9214125","3574738","272220","113129"
"2023-12-02","영등포구","12447504","3923441","279256","212677"
"2023-12-03","영등포구","11618619","2841962","344922","147687"
"2023-12-04","영등포구","6858884","2639924","183120","40745"
"2023-12-05","영등포구","6839588","2859089","127267","42455"
"2023-12-06","영등포구","7168594","2913660","164416","40065"
"2023-12-07","영등포구","7319873","3140381","185396","47375"
"2023-12-08","영등포구","8934786","3841457","221524","57371"
"2023-12-09","영등포구","10980921","4292956","257774","108912"
"2023-12-10","영등포구","8925735","3154256","309983","92856"
"2023-12-11","영등포구","6351882","2653765","164020","98434"
"2023-12-12","영등포구","7097662","3118644","106609","39024"
"2023-12-13","영등포구","8859738","3323453","254925","38474"
"2023-12-14","영등포구","8119104","3215851","176215","70540"
"2023-12-15","영등포구","9552867","3834486","389360","102762"
"2023-12-16","영등포구","11725911","4146780","350154","98283"
"2023-12-17","영등포구","9795709","2872689","388731","70660"
"2023-12-18","영등포구","7110807","2788719","158947","45574"
"2023-12-19","영등포구","7762239","3218858","176444","51341"
"2023-12-20","영등포구","8164623","3366816","124339","55724"
"2023-12-21","영등포구","9229369","3426472","199232","112471"
"2023-12-22","영등포구","10681277","3900746","462408","73208"
"2023-12-23","영등포구","12870857","3775549","647005","98522"
"2023-12-24","영등포구","11354208","3633019","384606","125199"
"2023-12-25","영등포구","9823317","3025777","189404","115646"
"2023-12-26","영등포구","7770300","3086365","188051","63491"
"2023-12-27","영등포구","7906620","3435423","151192","78410"
"2023-12-28","영등포구","8608966","3791493","205222","90192"
"2023-12-29","영등포구","9800176","3876014","230884","78037"
"2023-12-30","영등포구","9564932","3368553","388091","97957"
"2023-12-31","영등포구","9896030","2987669","191801","135081"
"2024-01-01","영등포구","5382334","2054603","283170","78857"
"2024-01-02","영등포구","7803361","2510590","456007","49529"
"2024-01-03","영등포구","7181453","2714492","256827","51399"
"2024-01-04","영등포구","6891020","2855631","258062","44856"
"2024-01-05","영등포구","8363982","3523099","274314","52959"
"2024-01-06","영등포구","9921402","3503608","213343","195853"
"2024-01-07","영등포구","8640604","2270666","305302","156532"
"2024-01-08","영등포구","5993524","2521955","262704","70690"
"2024-01-09","영등포구","6293837","2717766","175025","143110"
"2024-01-10","영등포구","6727458","2997837","157534","91994"
"2024-01-11","영등포구","7077322","3101495","124771","69675"
"2024-01-12","영등포구","8237588","3613425","158999","78365"
"2024-01-13","영등포구","11115328","3793379","347575","221469"
"2024-01-14","영등포구","7650301","2523202","437421","153077"
"2024-01-15","영등포구","6207169","2594264","159677","80108"
"2024-01-16","영등포구","6630562","2938896","118554","74082"
"2024-01-17","영등포구","6554196","2808806","175677","116980"
"2024-01-18","영등포구","7109580","3139941","129055","68014"
"2024-01-19","영등포구","8636843","3614277","204936","80991"
"2024-01-20","영등포구","10596510","3780913","354505","190110"
"2024-01-21","영등포구","9258174","2660985","368791","157541"
"2024-01-22","영등포구","6334450","2580414","102320","87276"
"2024-01-23","영등포구","6473353","2731832","139534","61325"
"2024-01-24","영등포구","6727591","2853386","111860","50355"
"2024-01-25","영등포구","7501943","3108197","259243","67074"
"2024-01-26","영등포구","7891954","3250398","152825","80571"
"2024-01-27","영등포구","11299985","4007744","446598","198967"
"2024-01-28","영등포구","8030304","2627264","335549","175486"
"2024-01-29","영등포구","6792825","2767746","267378","53683"
"2024-01-30","영등포구","6981244","3037175","254469","46092"
"2024-01-31","영등포구","7496310","3445888","169431","46774"
"2024-02-01","영등포구","7638205","3231352","181096","49614"
"2024-02-02","영등포구","8536900","3443528","187815","69240"
"2024-02-03","영등포구","11229628","3791734","304719","100457"
"2024-02-04","영등포구","9507852","2638333","252603","73718"
"2024-02-05","영등포구","6556268","2665365","155554","64770"
"2024-02-06","영등포구","7601862","2884606","75014","38676"
"2024-02-07","영등포구","8066116","3187031","198510","58068"
"2024-02-08","영등포구","9562195","3206996","135830","54132"
"2024-02-09","영등포구","4831255","2029344","242078","83678"
"2024-02-10","영등포구","3177900","1395493","146239","73709"
"2024-02-11","영등포구","8593254","2222093","170212","98216"
"2024-02-12","영등포구","8257583","2149948","188077","95793"
"2024-02-13","영등포구","7367202","2530137","620039","204818"
"2024-02-14","영등포구","7666317","3044214","297626","50663"
"2024-02-15","영등포구","6625953","2917331","122024","54388"
"2024-02-16","영등포구","8741921","3484171","175022","85550"
"2024-02-17","영등포구","12118511","3995594","301070","140787"
"2024-02-18","영등포구","9459051","2623189","548376","83910"
"2024-02-19","영등포구","6566360","2633472","199544","67080"
"2024-02-20","영등포구","7272971","2884342","147077","73823"
"2024-02-21","영등포구","7062947","2882063","106929","55275"
"2024-02-22","영등포구","7658932","3131492","222946","94444"
"2024-02-23","영등포구","8972925","3800405","176772","80613"
"2024-02-24","영등포구","11676506","3899898","342953","128324"
"2024-02-25","영등포구","9803372","2978836","636100","141893"
"2024-02-26","영등포구","6854917","2891979","170739","83967"
"2024-02-27","영등포구","7665474","3148807","244084","86316"
"2024-02-28","영등포구","7774054","3347477","137060","128990"
"2024-02-29","영등포구","9179877","3875469","233406","113357"
"2024-03-01","영등포구","11570373","3194571","416159","181393"
"2024-03-02","영등포구","11064563","3146754","286313","172970"
"2024-03-03","영등포구","9658734","2477591","593064","107295"
"2024-03-04","영등포구","7268389","2542125","297070","45078"
"2024-03-05","영등포구","6906215","2782250","152108","31866"
"2024-03-06","영등포구","7589903","2925129","100429","49609"
"2024-03-07","영등포구","7097207","2977087","158132","46563"
"2024-03-08","영등포구","8897537","3563264","215930","51640"
"2024-03-09","영등포구","12046634","3893722","219233","98483"
"2024-03-10","영등포구","8984661","2865998","329144","93962"
"2024-03-11","영등포구","6498934","2624003","239225","35760"
"2024-03-12","영등포구","7381992","2897117","100017","42471"
"2024-03-13","영등포구","7664016","3072170","99382","33893"
"2024-03-14","영등포구","8095407","3255726","174408","44088"
"2024-03-15","영등포구","9607517","3659627","144953","48011"
"2024-03-16","영등포구","11844918","3915676","361553","95409"
"2024-03-17","영등포구","9941529","2671642","218859","83165"
"2024-03-18","영등포구","5064659","2676800","132926","167227"
"2024-03-19","영등포구","6730360","2855092","97634","36518"
"2024-03-20","영등포구","7064820","3037241","92959","48738"
"2024-03-21","영등포구","6877167","3083756","79139","65174"
"2024-03-22","영등포구","8818240","3495605","277164","60599"
"2024-03-23","영등포구","11950783","3889833","208687","115316"
"2024-03-24","영등포구","9785645","2834946","359330","105325"
"2024-03-25","영등포구","6943950","2654931","117190","148495"
"2024-03-26","영등포구","6809658","2939214","84768","97865"
"2024-03-27","영등포구","7245471","3085934","117547","46119"
"2024-03-28","영등포구","7604667","3117329","141780","43745"
"2024-03-29","영등포구","9352602","3733246","175586","56684"
"2024-03-30","영등포구","12101814","4075752","330401","129400"
"2024-03-31","영등포구","9943926","3050042","220429","83060"
"2024-04-01","영등포구","5890448","2782823","131243","63219"
"2024-04-02","영등포구","7133826","2984574","112068","93856"
"2024-04-03","영등포구","6949894","2993184","62375","105000"
"2024-04-04","영등포구","8124568","3240551","102947","72058"
"2024-04-05","영등포구","9478695","3723725","146149","145668"
"2024-04-06","영등포구","13632357","4383722","555407","172863"
"2024-04-07","영등포구","10548401","3094045","359850","149118"
"2024-04-08","영등포구","6731998","2711703","175349","63769"
"2024-04-09","영등포구","7613206","3472652","151831","113164"
"2024-04-10","영등포구","9560333","2983586","167237","163143"
"2024-04-11","영등포구","6758381","2726301","127907","103989"
"2024-04-12","영등포구","8200606","3438238","171284","98130"
"2024-04-13","영등포구","11157727","3813079","423388","183144"
"2024-04-14","영등포구","9099842","2738857","343603","152846"
"2024-04-15","영등포구","5751915","2601199","242964","96133"
"2024-04-16","영등포구","6887641","2869494","141101","62887"
"2024-04-17","영등포구","6886544","2940453","149563","66151"
"2024-04-18","영등포구","7433201","3056330","131986","68107"
"2024-04-19","영등포구","8725247","3513935","130306","85923"
"2024-04-20","영등포구","10647154","3569490","364153","129593"
"2024-04-21","영등포구","9346806","2563083","501362","132009"
"2024-04-22","영등포구","6478372","2735133","157953","66411"
"2024-04-23","영등포구","6915148","2858347","109772","168653"
"2024-04-24","영등포구","6694205","2936091","97291","77589"
"2024-04-25","영등포구","7296395","3192403","107711","84987"
"2024-04-26","영등포구","8955412","3658793","125812","141915"
"2024-04-27","영등포구","11418400","3923515","414581","305862"
"2024-04-28","영등포구","9107179","2805067","242609","310567"
"2024-04-29","영등포구","6671156","2852684","95346","143323"
"2024-04-30","영등포구","8559495","3674154","92658","153777"
"2024-05-01","영등포구","8975583","2833135","108893","263259"
"2024-05-02","영등포구","7454494","2909624","135718","137242"
"2024-05-03","영등포구","9066950","3384933","191284","160337"
"2024-05-04","영등포구","11576638","3738757","303316","360968"
"2024-05-05","영등포구","9644407","3020522","301804","186973"
"2024-05-06","영등포구","8204412","2533913","158667","218788"
"2024-05-07","영등포구","6511779","2586862","100636","85473"
"2024-05-08","영등포구","7745866","2915881","149736","94980"
"2024-05-09","영등포구","7795608","3072635","315577","95542"
"2024-05-10","영등포구","8706747","3514697","152800","139792"
"2024-05-11","영등포구","10429591","3557081","357062","182787"
"2024-05-12","영등포구","9006930","2845082","435257","254108"
"2024-05-13","영등포구","6731341","2702674","150335","124277"
"2024-05-14","영등포구","7393697","3373960","124372","75639"
"2024-05-15","영등포구","8533195","2689641","132875","155131"
"2024-05-16","영등포구","6874811","2793769","109092","139931"
"2024-05-17","영등포구","7937178","3455668","154431","110121"
"2024-05-18","영등포구","10142050","3541541","295972","159306"
"2024-05-19","영등포구","8722463","2665490","288596","153539"
"2024-05-20","영등포구","5105339","2723208","127242","106062"
"2024-05-21","영등포구","7489052","2830224","76574","88247"
"2024-05-22","영등포구","7178713","3009845","79757","77087"
"2024-05-23","영등포구","7428266","3222003","79828","84374"
"2024-05-24","영등포구","8844667","3596527","119795","161210"
"2024-05-25","영등포구","11432078","3811126","678561","164439"
"2024-05-26","영등포구","8213721","2742281","161958","138540"
"2024-05-27","영등포구","6711765","2789534","102236","103615"
"2024-05-28","영등포구","7225552","3105724","116275","70123"
"2024-05-29","영등포구","7525202","3150500","90204","127501"
"2024-05-30","영등포구","7269294","3313565","93481","109141"
"2024-05-31","영등포구","9839020","3785071","115327","110911"
"2024-06-01","영등포구","11139612","3777365","477957","164080"
"2024-06-02","영등포구","9021985","2692496","289267","140231"
"2024-06-03","영등포구","6644069","2684448","166112","41438"
"2024-06-04","영등포구","6806936","2950991","115117","123953"
"2024-06-05","영등포구","7560093","3379010","96733","68761"
"2024-06-06","영등포구","9668865","2917719","141465","190346"
"2024-06-07","영등포구","8412530","3203765","134625","295456"
"2024-06-08","영등포구","9751440","3545925","264095","173385"
"2024-06-09","영등포구","8424222","2675544","197042","144641"
"2024-06-10","영등포구","6583973","2663080","98521","67090"
"2024-06-11","영등포구","7477161","2824667","413893","52913"
"2024-06-12","영등포구","7460197","3360517","99165","82415"
"2024-06-13","영등포구","7461294","3042420","112730","137329"
"2024-06-14","영등포구","8532733","3602255","134798","86545"
"2024-06-15","영등포구","11090586","3898154","303183","160765"
"2024-06-16","영등포구","9582840","2767716","276820","162716"
"2024-06-17","영등포구","5204265","2856684","112639","145862"
"2024-06-18","영등포구","7582969","3115032","89972","63145"
"2024-06-19","영등포구","7249695","2996199","97148","55685"
"2024-06-20","영등포구","7641034","3171961","160135","135716"
"2024-06-21","영등포구","9082806","3700078","122413","74159"
"2024-06-22","영등포구","10389145","3496903","365908","143077"
"2024-06-23","영등포구","8739517","2694471","223982","148429"
"2024-06-24","영등포구","7423477","2863099","160244","57068"
"2024-06-25","영등포구","7840102","3102561","118419","71647"
"2024-06-26","영등포구","7558989","3228529","92095","58946"
"2024-06-27","영등포구","7749378","3401273","157088","62537"
"2024-06-28","영등포구","9428707","3972182","183720","80550"
"2024-06-29","영등포구","10881939","3800741","345700","141080"
"2024-06-30","영등포구","8946212","2643717","137284","114907"
"2024-07-01","영등포구","6555419","2744101","182689","57166"
"2024-07-02","영등포구","6325802","2486586","150032","48147"
"2024-07-03","영등포구","6899864","2918811","118200","58743"
"2024-07-04","영등포구","7950816","3049904","136913","158196"
"2024-07-05","영등포구","9454081","3520820","159151","268316"
"2024-07-06","영등포구","11030191","3472195","304619","327166"
"2024-07-07","영등포구","9091486","2469116","358085","125303"
"2024-07-08","영등포구","5977160","2493646","109788","49645"
"2024-07-09","영등포구","6425067","2774812","179348","69690"
"2024-07-10","영등포구","6987083","3100127","88044","54443"
"2024-07-11","영등포구","6694578","2996955","81511","60757"
"2024-07-12","영등포구","8694732","3570626","191483","84567"
"2024-07-13","영등포구","10609583","3520058","379511","194706"
"2024-07-14","영등포구","8173251","2633571","195347","151852"
"2024-07-15","영등포구","5495140","2681131","128142","56279"
"2024-07-16","영등포구","6498279","2818564","135839","86956"
"2024-07-17","영등포구","6235875","2824580","144486","65932"
"2024-07-18","영등포구","6356264","2686121","73412","144422"
"2024-07-19","영등포구","9218141","3551793","131942","84612"
"2024-07-20","영등포구","9680218","3293169","223821","175156"
"2024-07-21","영등포구","8785543","2439462","181258","152373"
"2024-07-22","영등포구","6445881","2497135","122690","179941"
"2024-07-23","영등포구","6508119","2921243","94071","81323"
"2024-07-24","영등포구","6874179","3017442","134517","90403"
"2024-07-25","영등포구","7669001","3224458","119931","104655"
"2024-07-26","영등포구","8444637","3439463","262550","154792"
"2024-07-27","영등포구","10500520","3320212","286929","207995"
"2024-07-28","영등포구","8403942","2610607","140047","214294"
"2024-07-29","영등포구","6823225","2776560","154444","137020"
"2024-07-30","영등포구","7481708","3118541","125613","178248"
"2024-07-31","영등포구","8211929","3379798","162343","182074"
"2024-08-01","영등포구","8306374","3171736","127048","165679"
"2024-08-02","영등포구","9090890","3349483","185809","190283"
"2024-08-03","영등포구","11215306","3123636","239845","236006"
"2024-08-04","영등포구","8044075","2260670","133445","182921"
"2024-08-05","영등포구","6034681","2612415","151217","95941"
"2024-08-06","영등포구","6913951","2770298","103011","96990"
"2024-08-07","영등포구","7227795","2868341","101082","90970"
"2024-08-08","영등포구","7253556","2955033","182189","81490"
"2024-08-09","영등포구","8357135","3389423","242375","92992"
"2024-08-10","영등포구","10330152","3331515","272396","166127"
"2024-08-11","영등포구","7929430","2379647","280736","150382"
"2024-08-12","영등포구","6452289","2601059","106975","69363"
"2024-08-13","영등포구","6763260","2929950","102328","109244"
"2024-08-14","영등포구","7536003","3324890","164227","139552"
"2024-08-15","영등포구","8630445","2631572","168562","208081"
"2024-08-16","영등포구","8227611","2981330","145878","192025"
"2024-08-17","영등포구","8734815","2961573","199273","177732"
"2024-08-18","영등포구","7334969","2179927","181950","151027"
"2024-08-19","영등포구","5829659","2524531","113383","108371"
"2024-08-20","영등포구","7370439","2723464","95128","73269"
"2024-08-21","영등포구","6531327","2714351","104887","210958"
"2024-08-22","영등포구","6953841","2888492","96172","64074"
"2024-08-23","영등포구","8217040","3391104","115478","133440"
"2024-08-24","영등포구","10689870","3335495","430720","150971"
"2024-08-25","영등포구","8063652","2473647","300849","122361"
"2024-08-26","영등포구","6384498","2637282","101111","137584"
"2024-08-27","영등포구","6520849","2863240","108692","56223"
"2024-08-28","영등포구","7303593","3109654","105564","71680"
"2024-08-29","영등포구","7493448","3212578","138132","65746"
"2024-08-30","영등포구","9096972","3629561","147460","89733"
"2024-08-31","영등포구","10622747","3453977","271029","138637"
"2024-09-01","영등포구","9515684","2624908","241659","104108"
"2024-09-02","영등포구","6606573","2564451","160777","42175"
"2024-09-03","영등포구","7005495","2784711","198189","110663"
"2024-09-04","영등포구","7357258","2878889","101250","99517"
"2024-09-05","영등포구","7273281","2895184","99922","45315"
"2024-09-06","영등포구","8769562","3411508","113801","55331"
"2024-09-07","영등포구","11338837","3510937","357711","122385"
"2024-09-08","영등포구","8520826","2530230","279137","111220"
"2024-09-09","영등포구","6573980","2593182","96395","43500"
"2024-09-10","영등포구","7532448","2851829","118477","42690"
"2024-09-11","영등포구","7340292","2946216","76401","110987"
"2024-09-12","영등포구","7304125","2955973","62401","67708"
"2024-09-13","영등포구","8764749","3234480","135204","68140"
"2024-09-14","영등포구","9814588","2751211","204618","145049"
"2024-09-15","영등포구","9019427","2251690","208426","182957"
"2024-09-16","영등포구","4372407","1831922","180368","186481"
"2024-09-17","영등포구","3329616","1534521","195645","131350"
"2024-09-18","영등포구","7528289","1961881","148188","136043"
"2024-09-19","영등포구","6279922","2381574","143803","67560"
"2024-09-20","영등포구","7684934","2922311","167569","58294"
"2024-09-21","영등포구","9896928","3220086","468540","129813"
"2024-09-22","영등포구","7603310","2430105","179394","109253"
"2024-09-23","영등포구","6204332","2611959","101171","43727"
"2024-09-24","영등포구","6274709","2822623","90960","62607"
"2024-09-25","영등포구","6577359","2912945","106168","140077"
"2024-09-26","영등포구","7284805","2991154","184576","144621"
"2024-09-27","영등포구","8513873","3647568","118110","138392"
"2024-09-28","영등포구","10107467","3503454","282462","165375"
"2024-09-29","영등포구","8565795","2526177","152483","176166"
"2024-09-30","영등포구","7378909","3163293","164649","52157"
"2024-10-01","영등포구","8284996","2472723","114975","171086"
"2024-10-02","영등포구","7589056","3091180","95387","122801"
"2024-10-03","영등포구","8754680","2837149","165164","178106"
"2024-10-04","영등포구","8247490","3026316","176813","187542"
"2024-10-05","영등포구","10480756","3496368","549775","266571"
"2024-10-06","영등포구","8339597","2327579","258712","144142"
"2024-10-07","영등포구","6918775","2539006","113815","55727"
"2024-10-08","영등포구","7137825","3246372","119866","93671"
"2024-10-09","영등포구","9064286","2726374","143204","155232"
"2024-10-10","영등포구","6532238","2778788","99948","82851"
"2024-10-11","영등포구","7978718","3237352","254055","87764"
"2024-10-12","영등포구","10185373","3419203","393769","197812"
"2024-10-13","영등포구","8687497","2435404","564622","153133"
"2024-10-14","영등포구","6026042","2547175","127393","62875"
"2024-10-15","영등포구","6180296","2751160","118113","74992"
"2024-10-16","영등포구","6652026","2802110","87637","139560"
"2024-10-17","영등포구","6702852","2882759","79372","111350"
"2024-10-18","영등포구","7593301","3175225","132745","76980"
"2024-10-19","영등포구","10332069","3440984","495035","197996"
"2024-10-20","영등포구","8578607","2568359","266848","214249"
"2024-10-21","영등포구","4915519","2627675","113773","50947"
"2024-10-22","영등포구","6202080","2695976","67600","62124"
"2024-10-23","영등포구","6836042","2889813","146236","69247"
"2024-10-24","영등포구","7276235","3087212","90930","101543"
"2024-10-25","영등포구","8362542","3463485","120505","119863"
"2024-10-26","영등포구","10663888","3538193","584413","213974"
"2024-10-27","영등포구","8016117","2611948","163863","161336"
"2024-10-28","영등포구","6940642","2658955","82434","70684"
"2024-10-29","영등포구","6711530","2903024","96611","82879"
"2024-10-30","영등포구","7481763","3168168","113598","81077"
"2024-10-31","영등포구","7738354","3164837","145789","88645"
"2024-11-01","영등포구","8852181","3436206","217459","148959"
"2024-11-02","영등포구","11775323","3483362","540874","196440"
"2024-11-03","영등포구","10219089","2639733","388891","171437"
"2024-11-04","영등포구","6874297","2524713","129961","51887"
"2024-11-05","영등포구","7173192","2602916","131784","67164"
"2024-11-06","영등포구","7221754","2821400","105605","56779"
"2024-11-07","영등포구","7026787","2888282","134927","86279"
"2024-11-08","영등포구","9267804","3287506","139842","114772"
"2024-11-09","영등포구","11275968","3410453","491951","168663"
"2024-11-10","영등포구","8875184","2632430","254368","128716"
"2024-11-11","영등포구","6314632","2585521","164262","50729"
"2024-11-12","영등포구","7133081","2729480","105433","46418"
"2024-11-13","영등포구","6557017","2861636","121305","74636"
"2024-11-14","영등포구","7064825","2973093","166580","68151"
"2024-11-15","영등포구","8753635","3361961","123293","144605"
"2024-11-16","영등포구","11072736","3466133","293741","163380"
"2024-11-17","영등포구","9594150","2596969","282864","149877"
"2024-11-18","영등포구","5808300","2589253","190026","145907"
"2024-11-19","영등포구","6562187","2698581","123307","50799"
"2024-11-20","영등포구","7275123","2984286","126611","77963"
"2024-11-21","영등포구","6894248","2996118","145320","60282"
"2024-11-22","영등포구","8147347","3351168","287191","87921"
"2024-11-23","영등포구","10513947","3632023","261784","144919"
"2024-11-24","영등포구","9184199","2738166","400894","138952"
"2024-11-25","영등포구","6653698","2650161","161055","49587"
"2024-11-26","영등포구","6485418","2810837","79951","79455"
"2024-11-27","영등포구","6247650","2802960","128066","66816"
"2024-11-28","영등포구","7609788","3016093","155228","46669"
"2024-11-29","영등포구","8500295","3607920","184808","160630"
"2024-11-30","영등포구","11427074","3775745","494049","139501"
"2024-12-01","영등포구","10263541","2798328","403725","138393"
"2024-12-02","영등포구","7160094","2634024","167649","39572"
"2024-12-03","영등포구","6860793","2855731","133547","52816"
"2024-12-04","영등포구","7165082","2797050","116293","31132"
"2024-12-05","영등포구","6959832","3028283","174458","44945"
"2024-12-06","영등포구","8413703","3614701","158767","72178"
"2024-12-07","영등포구","12277574","5002510","416271","134777"
"2024-12-08","영등포구","9589216","2775210","411721","134607"
"2024-12-09","영등포구","6113431","2640682","121558","34681"
"2024-12-10","영등포구","7140059","2976593","111786","38630"
"2024-12-11","영등포구","6766529","3144664","136095","52839"
"2024-12-12","영등포구","7806978","3226358","95128","47045"
"2024-12-13","영등포구","8700191","3800742","193516","192963"
"2024-12-14","영등포구","13193525","6055684","430591","123888"
"2024-12-15","영등포구","9884182","2848710","372006","87979"
"2024-12-16","영등포구","6879099","2877496","290521","44818"
"2024-12-17","영등포구","7321415","3105332","107706","80478"
"2024-12-18","영등포구","7390202","3314342","143382","66882"
"2024-12-19","영등포구","7747014","3325837","165588","170327"
"2024-12-20","영등포구","10214758","3990863","205912","75756"
"2024-12-21","영등포구","11958885","4090119","405195","145047"
"2024-12-22","영등포구","10177042","2920913","444127","108343"
"2024-12-23","영등포구","8437447","3259145","190932","48314"
"2024-12-24","영등포구","10350829","3926086","352419","76545"
"2024-12-25","영등포구","10897090","3694974","223939","139182"
"2024-12-26","영등포구","7592727","3231389","171804","92650"
"2024-12-27","영등포구","8346162","3682817","164208","88354"
"2024-12-28","영등포구","9851499","3589582","306531","128726"
"2024-12-29","영등포구","8411204","2555700","215932","131534"
"2024-12-30","영등포구","7891520","3204036","331730","65861"
"2024-12-31","영등포구","8861223","3432363","249102","96337"
"2025-01-01","영등포구","4438438","2058894","222878","82646"
"2025-01-02","영등포구","7287226","2617710","380552","76875"
"2025-01-03","영등포구","7826506","3256063","217016","39944"
"2025-01-04","영등포구","9952515","3082570","369033","79059"
"2025-01-05","영등포구","7251391","2145306","444004","74884"
"2025-01-06","영등포구","5928229","2614123","196261","65917"
"2025-01-07","영등포구","6300222","2684742","206296","34234"
"2025-01-08","영등포구","6245245","2861625","73362","49920"
"2025-01-09","영등포구","6052108","2621097","120712","28877"
"2025-01-10","영등포구","8043491","3228415","158541","48401"
"2025-01-11","영등포구","10677054","3356291","305117","155119"
"2025-01-12","영등포구","7522686","2411633","207229","134960"
"2025-01-13","영등포구","6084557","2595370","151891","44676"
"2025-01-14","영등포구","6436395","2811710","102793","49491"
"2025-01-15","영등포구","6729058","2800725","164179","148856"
"2025-01-16","영등포구","6399208","2904929","125647","65509"
"2025-01-17","영등포구","8972805","3369587","138195","130365"
"2025-01-18","영등포구","11475672","3419271","633896","199733"
"2025-01-19","영등포구","9361999","2450230","275836","184323"
"2025-01-20","영등포구","7181222","2723260","143826","117678"
"2025-01-21","영등포구","7368443","2973860","59749","93217"
"2025-01-22","영등포구","7465132","3114016","147328","66977"
"2025-01-23","영등포구","7548466","3200767","142050","51011"
"2025-01-24","영등포구","9713519","3500804","214773","58103"
"2025-01-25","영등포구","10930209","3090501","271645","183187"
"2025-01-26","영등포구","8918674","2508946","296120","216901"
"2025-01-27","영등포구","8708226","2064427","231384","124954"
"2025-01-28","영등포구","3717248","1605588","170004","105239"
"2025-01-29","영등포구","3072200","1308579","215780","114717"
"2025-01-30","영등포구","7878032","2082042","244976","131117"
"2025-01-31","영등포구","7493042","2789852","183809","92159"
"2025-02-01","영등포구","9861993","2895271","288506","179421"
"2025-02-02","영등포구","8338560","2063723","242242","121786"
"2025-02-03","영등포구","6498159","2439711","179120","62012"
"2025-02-04","영등포구","6146861","2479041","197720","31443"
"2025-02-05","영등포구","6304293","2638362","123948","28778"
"2025-02-06","영등포구","6355352","2780075","106426","71837"
"2025-02-07","영등포구","8325465","3177185","142291","57736"
"2025-02-08","영등포구","10236418","3508497","242356","85687"
"2025-02-09","영등포구","8248683","2469901","315331","90631"
"2025-02-10","영등포구","6507751","2610531","198924","33634"
"2025-02-11","영등포구","6987073","2832995","659161","31597"
"2025-02-12","영등포구","6505915","2819544","184780","48872"
"2025-02-13","영등포구","7626875","3030013","174605","49204"
"2025-02-14","영등포구","8780381","3608593","213754","42668"
"2025-02-15","영등포구","10861799","3597579","393981","98149"
"2025-02-16","영등포구","9576404","2599394","590377","78564"
"2025-02-17","영등포구","6337083","2633779","383810","32860"
"2025-02-18","영등포구","6773140","2891499","127633","173047"
"2025-02-19","영등포구","7569381","2963220","225472","77563"
"2025-02-20","영등포구","7116414","3120000","180656","37531"
"2025-02-21","영등포구","8674150","3604167","218377","41668"
"2025-02-22","영등포구","11626190","3817691","416131","104817"
"2025-02-23","영등포구","8722444","2691253","480718","87802"
"2025-02-24","영등포구","6691219","2714625","167482","28923"
"2025-02-25","영등포구","6897537","3028736","122033","40460"
"2025-02-26","영등포구","7261597","3175536","162580","64342"
"2025-02-27","영등포구","7506360","3219436","158103","61679"
"2025-02-28","영등포구","9060331","3818271","175339","67241"
"2025-03-01","영등포구","11316045","3588928","287137","130700"
"2025-03-02","영등포구","9712408","2735364","276804","128886"
"2025-03-03","영등포구","8441010","2082204","321996","72703"
"2025-03-04","영등포구","5939645","2417265","143614","39539"
"2025-03-05","영등포구","6102349","2731316","178477","21850"
"2025-03-06","영등포구","6812099","2977747","121301","38058"
"2025-03-07","영등포구","8135066","3367451","140562","37038"
"2025-03-08","영등포구","10438665","3729800","376390","84446"
"2025-03-09","영등포구","8177931","2639393","337882","73676"
"2025-03-10","영등포구","6130888","2589921","144892","20167"
"2025-03-11","영등포구","6783706","2736682","182086","24064"
"2025-03-12","영등포구","6870901","2871907","125048","39257"
"2025-03-13","영등포구","7410779","2993764","75440","58218"
"2025-03-14","영등포구","9558665","3611959","116752","80191"
"2025-03-15","영등포구","11498058","3953584","314629","104508"
"2025-03-16","영등포구","8625551","2503215","241495","108444"
"2025-03-17","영등포구","5211846","2541581","121581","229514"
"2025-03-18","영등포구","6381384","2832228","115210","53457"
"2025-03-19","영등포구","6534484","2940771","90679","94097"
"2025-03-20","영등포구","6710801","3000934","65455","27155"
"2025-03-21","영등포구","8170817","3551173","121239","37679"
"2025-03-22","영등포구","11319762","3816343","278690","137758"
"2025-03-23","영등포구","8230279","2627936","293832","101938"
"2025-03-24","영등포구","6137754","2610693","136497","31262"
"2025-03-25","영등포구","6364764","2902904","131302","28389"
"2025-03-26","영등포구","7328353","3060719","152896","51756"
"2025-03-27","영등포구","6672612","3015502","140920","58203"
"2025-03-28","영등포구","8681987","3570100","114610","94675"
"2025-03-29","영등포구","10210191","3557729","241100","118010"
"2025-03-30","영등포구","8652266","2527867","174651","98410"
"2025-03-31","영등포구","6478415","2731380","136570","22398"
"2025-04-01","영등포구","6904106","2823998","105992","35938"
"2025-04-02","영등포구","6347780","2752953","126230","34587"
"2025-04-03","영등포구","6967266","2994920","90295","33988"
"2025-04-04","영등포구","8437331","3395211","133203","57418"
"2025-04-05","영등포구","10266922","3292287","265594","100314"
"2025-04-06","영등포구","8994922","2784227","439974","114315"
"2025-04-07","영등포구","6181862","2654940","174547","26831"
"2025-04-08","영등포구","7475012","3050933","134122","35693"
"2025-04-09","영등포구","7231166","3078698","101134","33123"
"2025-04-10","영등포구","7208287","3272702","191724","46977"
"2025-04-11","영등포구","8870518","3989322","131081","117167"
"2025-04-12","영등포구","10167009","3396451","394798","114462"
"2025-04-13","영등포구","7989378","2503607","158625","120198"
"2025-04-14","영등포구","4209391","2511741","96432","22068"
"2025-04-15","영등포구","7055280","2868490","89932","35594"
"2025-04-16","영등포구","6766034","2886614","88930","69063"
"2025-04-17","영등포구","6989321","3019876","133837","40401"
"2025-04-18","영등포구","8556053","3416540","190739","101662"
"2025-04-19","영등포구","9555217","3273139","428395","138854"
"2025-04-20","영등포구","9016571","2653359","227454","112662"
"2025-04-21","영등포구","6737280","2623188","202096","43676"
"2025-04-22","영등포구","6279051","2652209","112210","32424"
"2025-04-23","영등포구","6774636","3022875","84887","78755"
"2025-04-24","영등포구","7082543","3123435","83091","71431"
"2025-04-25","영등포구","8447267","3644439","111248","163894"
"2025-04-26","영등포구","10438312","3742650","364754","262737"
"2025-04-27","영등포구","8355695","2736118","174663","283442"
"2025-04-28","영등포구","6276793","2788106","89549","79639"
"2025-04-29","영등포구","6997459","3067586","79006","240180"
"2025-04-30","영등포구","8348747","3592889","126823","119719"
"2025-05-01","영등포구","8050869","2714229","107300","118390"
"2025-05-02","영등포구","8746450","3209891","142231","215056"
"2025-05-03","영등포구","9657420","3151429","200226","231866"
"2025-05-04","영등포구","9586987","3056326","239381","484536"
"2025-05-05","영등포구","8350249","2727105","254899","374734"
"2025-05-06","영등포구","8390799","2553314","125196","227918"
"2025-05-07","영등포구","6734448","2665023","120640","194404"
"2025-05-08","영등포구","7555583","2921023","133114","78795"
"2025-05-09","영등포구","7395550","3209779","122654","62529"
"2025-05-10","영등포구","9446161","3479877","188824","127543"
"2025-05-11","영등포구","8426311","2716962","191264","201560"
"2025-05-12","영등포구","6589799","2644443","88907","30945"
"2025-05-13","영등포구","6684603","2876802","96271","39371"
"2025-05-14","영등포구","7021651","3012434","95838","50695"
"2025-05-15","영등포구","7053830","3063451","78751","38388"
"2025-05-16","영등포구","8363227","3225460","150099","152461"
"2025-05-17","영등포구","11495372","3938666","351702","137283"
"2025-05-18","영등포구","9583942","2937690","237863","130264"
"2025-05-19","영등포구","4640683","2669451","68298","47615"
"2025-05-20","영등포구","7244429","2857961","97109","46173"
"2025-05-21","영등포구","7231697","3039140","114961","112170"
"2025-05-22","영등포구","7781920","3096362","127616","82875"
"2025-05-23","영등포구","8001520","3574877","120372","77264"
"2025-05-24","영등포구","10256173","3630450","173470","157091"
"2025-05-25","영등포구","9128046","2951334","337207","123747"
"2025-05-26","영등포구","6304387","2724558","88505","20425"
"2025-05-27","영등포구","6867833","3025113","106426","42368"
"2025-05-28","영등포구","6985959","3091919","102865","114583"
"2025-05-29","영등포구","7324609","3154979","108023","93016"
"2025-05-30","영등포구","8255695","3697988","115309","55658"
"2025-05-31","영등포구","11149311","3722843","506286","139225"
"2025-06-01","영등포구","8217402","2470487","218096","116568"
"2025-06-02","영등포구","6086781","2988429","105388","72597"
"2025-06-03","영등포구","7654500","2532184","84296","100302"
"2025-06-04","영등포구","6183204","2574347","100817","34552"
"2025-06-05","영등포구","7098747","3054764","110475","57815"
"2025-06-06","영등포구","9007039","2804458","169025","200442"
"2025-06-07","영등포구","8340828","2846688","183707","189004"
"2025-06-08","영등포구","7022213","2213475","151400","144512"
"2025-06-09","영등포구","5623980","2373441","90876","134912"
"2025-06-10","영등포구","5955496","2574518","135998","31858"
"2025-06-11","영등포구","6313797","2801415","96204","35747"
"2025-06-12","영등포구","7034621","2879846","62344","74977"
"2025-06-13","영등포구","7961366","3300333","163419","42204"
"2025-06-14","영등포구","9856086","3513873","258269","100182"
"2025-06-15","영등포구","7733761","2448173","357637","87486"
"2025-06-16","영등포구","5296935","2414983","218346","25264"
"2025-06-17","영등포구","6304615","2806766","67761","73477"
"2025-06-18","영등포구","6760474","2908729","57929","170454"
"2025-06-19","영등포구","7032193","2971364","128554","51878"
"2025-06-20","영등포구","7701673","2986594","143296","88888"
"2025-06-21","영등포구","10990440","3570202","417709","112113"
"2025-06-22","영등포구","9573593","2710913","394731","121561"
"2025-06-23","영등포구","6594028","2669394","129786","33320"
"2025-06-24","영등포구","6477413","2863177","102215","77303"
"2025-06-25","영등포구","7101723","3112958","180602","47512"
"2025-06-26","영등포구","7296074","3061797","144041","46038"
"2025-06-27","영등포구","8259222","3559942","141974","73326"
"2025-06-28","영등포구","10460406","3654873","488195","113135"
"2025-06-29","영등포구","8332556","2594023","291854","120971"
"2025-06-30","영등포구","6545321","2719721","118625","66081"
"2025-07-01","영등포구","6870455","2878996","104191","103608"
"2025-07-02","영등포구","7127460","2971121","347101","58758"
"2025-07-03","영등포구","7077087","3048624","96601","41561"
"2025-07-04","영등포구","8439183","3480375","135147","67163"
"2025-07-05","영등포구","10884355","3664719","260766","140897"
"2025-07-06","영등포구","8282828","2525862","121654","112531"
"2025-07-07","영등포구","5409401","2649192","110355","36772"
"2025-07-08","영등포구","6532746","2854981","101729","38014"
"2025-07-09","영등포구","6732156","2968844","110818","54970"
"2025-07-10","영등포구","7153394","3045722","140737","63160"
"2025-07-11","영등포구","8739533","3640192","150913","53804"
"2025-07-12","영등포구","10680668","3606979","139992","131763"
"2025-07-13","영등포구","8579487","2701286","200461","114683"
"2025-07-14","영등포구","5321554","2633584","74086","31866"
"2025-07-15","영등포구","7237896","2901463","105794","25960"
"2025-07-16","영등포구","6461697","2858761","130710","37057"
"2025-07-17","영등포구","6688032","2898118","61693","29858"
"2025-07-18","영등포구","8690878","3409736","125411","254158"
"2025-07-19","영등포구","10536911","3523623","209318","127597"
"2025-07-20","영등포구","9050802","2627834","250822","94237"
"2025-07-21","영등포구","6892988","2827376","185457","48986"
"2025-07-22","영등포구","6708214","3003694","95014","33154"
"2025-07-23","영등포구","7148542","3097648","94807","35069"
"2025-07-24","영등포구","7194200","3178914","130036","51470"
"2025-07-25","영등포구","8750246","3729536","142881","69517"
"2025-07-26","영등포구","10726318","3643113","279599","128602"
"2025-07-27","영등포구","8200161","2678654","205641","107657"
"2025-07-28","영등포구","7150433","2889599","128154","76039"
"2025-07-29","영등포구","7504196","3117888","255201","110676"
"2025-07-30","영등포구","7795994","3335941","138263","97084"
"2025-07-31","영등포구","8036585","3508144","158598","100104"
"2025-08-01","영등포구","8934827","3694430","161305","113021"
"2025-08-02","영등포구","9646881","3336326","216505","155502"
"2025-08-03","영등포구","7970825","2482584","180701","137617"
"2025-08-04","영등포구","6689254","2669828","155270","93305"
"2025-08-05","영등포구","6788090","2922124","128288","63776"
"2025-08-06","영등포구","6426848","2922690","113613","41075"
"2025-08-07","영등포구","6986188","3098572","147801","83695"
"2025-08-08","영등포구","8233799","3506685","138697","81450"
"2025-08-09","영등포구","10063570","3499664","193833","122281"
"2025-08-10","영등포구","7892126","2605159","112151","120954"
"2025-08-11","영등포구","5968346","2702637","185516","62404"
"2025-08-12","영등포구","7276337","2903976","81742","56972"
"2025-08-13","영등포구","6053639","2705058","113734","49760"
"2025-08-14","영등포구","7694733","3312140","160655","188190"
"2025-08-15","영등포구","9433300","3003262","156494","145868"
"2025-08-16","영등포구","9171268","2996525","153774","142900"
"2025-08-17","영등포구","7825407","2348959","161321","93253"
"2025-08-18","영등포구","6539832","2556027","146876","253238"
"2025-08-19","영등포구","6597271","2786345","104492","44347"
"2025-08-20","영등포구","6576934","2978688","76929","179151"
"2025-08-21","영등포구","7379691","3112992","92848","30529"
"2025-08-22","영등포구","8373489","3525305","100730","59974"
"2025-08-23","영등포구","10660227","3741849","569447","105785"
"2025-08-24","영등포구","7930947","2569854","228492","77851"
"2025-08-25","영등포구","5756601","2597093","117554","29541"
"2025-08-26","영등포구","7063362","2905476","289081","46076"
"2025-08-27","영등포구","7061047","3088055","94984","204234"
"2025-08-28","영등포구","7184167","3126026","135281","25750"
"2025-08-29","영등포구","8094720","3642601","124558","49830"
"2025-08-30","영등포구","10190101","3485830","227833","92732"
"2025-08-31","영등포구","9190303","2885246","267680","91371"
"2025-09-01","영등포구","5986502","2384984","81686","25299"
"2025-09-02","영등포구","6245394","2700827","95493","97904"
"2025-09-03","영등포구","6799074","2802583","104292","41121"
"2025-09-04","영등포구","6473030","2801832","118476","31239"
"2025-09-05","영등포구","8102275","3230772","132453","137625"
"2025-09-06","영등포구","9368300","3330717","221505","109348"
"2025-09-07","영등포구","8638530","2573233","183709","66229"
"2025-09-08","영등포구","5857137","2435838","119595","19431"
"2025-09-09","영등포구","6253148","2747764","170070","25369"
"2025-09-10","영등포구","6736466","2918170","71651","31663"
"2025-09-11","영등포구","6941739","2984220","71154","36756"
"2025-09-12","영등포구","7892692","3265027","105114","48905"
"2025-09-13","영등포구","10199322","3574092","207647","77222"
"2025-09-14","영등포구","8512798","2615369","263309","106875"
"2025-09-15","영등포구","4836728","2516839","113834","173770"
"2025-09-16","영등포구","6844140","2658098","78279","28545"
"2025-09-17","영등포구","6435352","2675016","87458","56772"
"2025-09-18","영등포구","7406151","3035175","68085","31814"
"2025-09-19","영등포구","8404965","3324974","112142","94227"
"2025-09-20","영등포구","11309407","3705357","606313","132448"
"2025-09-21","영등포구","10061779","2846713","336429","120562"
"2025-09-22","영등포구","6967520","2608174","66350","57486"
"2025-09-23","영등포구","7271120","2869424","93592","79638"
"2025-09-24","영등포구","6931331","2780835","92346","202218"
"2025-09-25","영등포구","7380645","3030339","93407","27658"
"2025-09-26","영등포구","9483790","3681455","140210","132258"
"2025-09-27","영등포구","11169720","3937246","592345","142790"
"2025-09-28","영등포구","9889177","2702044","239029","68895"
"2025-09-29","영등포구","7564447","2928130","107846","167294"
"2025-09-30","영등포구","7785704","3148927","84083","32575"
"2025-10-01","영등포구","8201326","3117124","100806","211668"
"2025-10-02","영등포구","9212335","3423093","155662","37614"
"2025-10-03","영등포구","10683681","2976174","245442","114011"
"2025-10-04","영등포구","9739345","2558460","139708","226252"
"2025-10-05","영등포구","4591146","2044074","206867","220215"
"2025-10-06","영등포구","3072524","1384858","164113","202862"
"2025-10-07","영등포구","8186901","2098279","163956","281575"
"2025-10-08","영등포구","9103902","2720634","164947","312081"
"2025-10-09","영등포구","8174034","2317612","154191","226649"
"2025-10-10","영등포구","7513980","2750308","123350","134788"
"2025-10-11","영등포구","9854058","3187317","170903","173941"
"2025-10-12","영등포구","7793127","2352248","112808","108024"
"2025-10-13","영등포구","5980873","2355102","90307","55961"
"2025-10-14","영등포구","6761798","2762201","74536","36503"
"2025-10-15","영등포구","6935449","2911115","74198","50596"
"2025-10-16","영등포구","7446557","2974033","100840","219535"
"2025-10-17","영등포구","8260753","3348557","124753","58133"
"2025-10-18","영등포구","10911636","3491696","769000","150606"
"2025-10-19","영등포구","9835361","2772589","160396","175714"
"2025-10-20","영등포구","6869400","2636205","103334","59558"
"2025-10-21","영등포구","6696000","2791236","79041","45350"
"2025-10-22","영등포구","7313441","3014953","145739","71721"
"2025-10-23","영등포구","7648928","3080309","181441","47134"
"2025-10-24","영등포구","8281284","3533938","103417","86175"
"2025-10-25","영등포구","11941158","3916599","322342","182530"
"2025-10-26","영등포구","9103657","2928855","258236","176719"
"2025-10-27","영등포구","7428399","2721609","121270","63801"
"2025-10-28","영등포구","7303529","2894678","110638","82872"
"2025-10-29","영등포구","7652296","3008020","108116","39872"
"2025-10-30","영등포구","7703504","3165824","85351","51008"
"2025-10-31","영등포구","9148169","3603691","80129","110271"
"2025-11-01","영등포구","11818577","3860705","202631","133946"
"2025-11-02","영등포구","10815782","2828069","385968","115784"
"2025-11-03","영등포구","6619110","2614785","79085","94551"
"2025-11-04","영등포구","7636227","2894041","128364","40032"
"2025-11-05","영등포구","7279106","2934850","128355","63730"
"2025-11-06","영등포구","7426240","2884822","108233","51543"
"2025-11-07","영등포구","9188650","3499877","145672","187073"
"2025-11-08","영등포구","11618971","3685860","405442","124436"
"2025-11-09","영등포구","9625646","2764768","358955","120574"
"2025-11-10","영등포구","5656404","2646560","158799","32912"
"2025-11-11","영등포구","7168916","2912575","124254","41251"
"2025-11-12","영등포구","6961283","2970858","100878","39414"
"2025-11-13","영등포구","7048844","3039557","99672","52340"
"2025-11-14","영등포구","9661522","3490379","133470","60448"
"2025-11-15","영등포구","10826783","3634962","231427","149157"
"2025-11-16","영등포구","10161791","2628937","436696","121585"
"2025-11-17","영등포구","6422271","2539227","111233","34269"
"2025-11-18","영등포구","6960896","2839343","103270","39120"
"2025-11-19","영등포구","7452386","2978755","89826","31334"
"2025-11-20","영등포구","7825380","3060246","91259","93065"
"2025-11-21","영등포구","8717785","3530337","122692","233908"
"2025-11-22","영등포구","11504250","3663814","390260","142421"
"2025-11-23","영등포구","9367746","2583844","325477","111479"
"2025-11-24","영등포구","5903610","2723872","126691","17552"
"2025-11-25","영등포구","7173655","2902420","152717","45776"
"2025-11-26","영등포구","7404015","3188225","108163","70119"
"2025-11-27","영등포구","7122165","3111198","120084","28650"
"2025-11-28","영등포구","9344408","4003528","175845","96921"
"2025-11-29","영등포구","11763371","4007835","513716","107430"
"2025-11-30","영등포구","10059502","2972678","279518","115595"
"2025-12-01","영등포구","6804591","2664850","133565","31619"
"2025-12-02","영등포구","7787202","2899282","257989","30459"
"2025-12-03","영등포구","7634320","3041038","139242","53446"
"2025-12-04","영등포구","7973854","3009346","86296","29006"
"2025-12-05","영등포구","9375390","3673590","142845","52146"
"2025-12-06","영등포구","12036997","4119849","406596","86040"
"2025-12-07","영등포구","11090889","2924432","549739","93061"
"2025-12-08","영등포구","6875370","2702844","131639","129618"
"2025-12-09","영등포구","7074486","3020997","157077","79845"
"2025-12-10","영등포구","8187318","3228113","133523","60166"
"2025-12-11","영등포구","7496115","3268659","87812","19983"
"2025-12-12","영등포구","9911924","3981440","149091","146830"
"2025-12-13","영등포구","11450142","4048606","623859","76847"
"2025-12-14","영등포구","9834927","3117695","379072","70703"
"2025-12-15","영등포구","7097889","2946243","214707","29094"
"2025-12-16","영등포구","7192535","3155293","142509","19484"
"2025-12-17","영등포구","8229554","3496202","170818","32638"
"2025-12-18","영등포구","8076608","3546718","154220","43769"
"2025-12-19","영등포구","10043174","4229354","231961","74367"
"2025-12-20","영등포구","12441456","4497472","467703","137726"
"2025-12-21","영등포구","10059531","3020317","344230","111981"
"2025-12-22","영등포구","8363954","3223057","260623","46924"
"2025-12-23","영등포구","8507456","3498161","191747","24176"
"2025-12-24","영등포구","10688597","3986905","214836","91959"
"2025-12-25","영등포구","12761821","3772773","300445","104187"
"2025-12-26","영등포구","9649819","3434182","173804","338440"
"2025-12-27","영등포구","10827735","3966846","503031","110078"
"2025-12-28","영등포구","9069612","2908942","222126","78378"
"2025-12-29","영등포구","7671168","3309258","192678","38292"
"2025-12-30","영등포구","9298306","3680913","253407","118990"
"2025-12-31","영등포구","9020951","3561966","250796","71738"
"2026-01-01","영등포구","4512580","2329596","248048","72085"
"2026-01-02","영등포구","10326560","3095402","370780","116949"
"2026-01-03","영등포구","11951974","3467515","319887","99230"
"2026-01-04","영등포구","9209604","2518833","342773","81121"
"2026-01-05","영등포구","6435226","2731223","307546","47096"
"2026-01-06","영등포구","6628761","2986882","95164","20522"
"2026-01-07","영등포구","7350117","3099009","119188","211834"
"2026-01-08","영등포구","6930500","2978755","235202","50667"
"2026-01-09","영등포구","8396320","3718896","137028","35460"
"2026-01-10","영등포구","11293061","3890527","284811","70538"
"2026-01-11","영등포구","9122828","2690797","234911","95210"
"2026-01-12","영등포구","6459945","2641772","315587","69105"
"2026-01-13","영등포구","6926734","2938677","75268","27385"
"2026-01-14","영등포구","6866907","3104417","136441","63059"
"2026-01-15","영등포구","7255989","3183413","134284","55655"
"2026-01-16","영등포구","8467798","3635295","151684","54903"
"2026-01-17","영등포구","10589620","3702943","319162","114235"
"2026-01-18","영등포구","9406696","2675665","220262","128063"
"2026-01-19","영등포구","6466761","2703535","302825","148867"
"2026-01-20","영등포구","6998899","2826595","171422","40234"
"2026-01-21","영등포구","6874915","3006728","190226","28566"
"2026-01-22","영등포구","7319703","3028529","95472","35185"
"2026-01-23","영등포구","9115669","3696976","158097","27890"
"2026-01-24","영등포구","11980428","3740568","481246","95051"
"2026-01-25","영등포구","9833850","2753998","183557","96029"
"2026-01-26","영등포구","7342554","2807973","251030","21071"
"2026-01-27","영등포구","7537000","2972039","84560","48120"
"2026-01-28","영등포구","8094573","3252107","300100","24348"
"2026-01-29","영등포구","7983435","3218798","253601","88667"
"2026-01-30","영등포구","8873252","3829904","143451","59487"
"2026-01-31","영등포구","11383049","3884913","466445","97573"
"2026-02-01","영등포구","9355294","2607672","278001","87369"
"2026-02-02","영등포구","6648560","2709001","106754","24914"
"2026-02-03","영등포구","7430177","2988555","141841","40049"
"2026-02-04","영등포구","7855918","2961036","134671","101733"
"2026-02-05","영등포구","7468870","3137469","97226","82027"
"2026-02-06","영등포구","8636608","3510422","127817","80256"
"2026-02-07","영등포구","10928040","3687372","244975","77008"
"2026-02-08","영등포구","8749568","2542097","234212","42553"
"2026-02-09","영등포구","6488010","2716643","118322","50771"
"2026-02-10","영등포구","7170900","3008536","87063","36923"
"2026-02-11","영등포구","8193581","3193578","213693","25430"
"2026-02-12","영등포구","8252270","3339925","160245","28571"
"2026-02-13","영등포구","9094068","3634353","117274","51883"
"2026-02-14","영등포구","10683666","3089152","182416","66908"
"2026-02-15","영등포구","9715461","2565761","170489","85444"
"2026-02-16","영등포구","4253236","1884361","250825","79614"
"2026-02-17","영등포구","3009741","1482785","143664","55113"
"2026-02-18","영등포구","8369081","2036413","139661","67246"
"2026-02-19","영등포구","6944638","2567838","97097","38951"
"2026-02-20","영등포구","9210713","3370951","213885","98892"
"2026-02-21","영등포구","11326706","3708124","228352","81646"
"2026-02-22","영등포구","8437026","2665308","243667","65494"
"2026-02-23","영등포구","7275429","2748513","87529","27922"
"2026-02-24","영등포구","7160993","2955650","160773","58867"
"2026-02-25","영등포구","8463268","3360944","185670","32146"
"2026-02-26","영등포구","8532949","3374349","175319","154801"
"2026-02-27","영등포구","8861395","3826457","166407","48943"
"2026-02-28","영등포구","11950474","4156420","340579","120023"
"2026-03-01","영등포구","10799931","3293185","251874","116796"
"2026-03-02","영등포구","8066836","2089502","201591","39294"
"2026-03-03","영등포구","6481072","2530320","123582","17917"
"2026-03-04","영등포구","6739574","2816212","96837","79977"
"2026-03-05","영등포구","7098128","2942090","100295","23372"
"2026-03-06","영등포구","8256691","3405896","83628","47761"
"2026-03-07","영등포구","11289022","3758647","307056","101599"
"2026-03-08","영등포구","9096440","2683294","287779","85421"
"2026-03-09","영등포구","6220720","2489709","122674","14698"
"2026-03-10","영등포구","6609625","2789487","147181","45729"
"2026-03-11","영등포구","6811806","2976764","374718","33626"
"2026-03-12","영등포구","7453409","3111847","63123","59552"
"2026-03-13","영등포구","9028326","3687445","89196","49455"
"2026-03-14","영등포구","11954102","4140356","239178","79360"
"2026-03-15","영등포구","9279136","2736436","272055","54579"
"2026-03-16","영등포구","4754508","2660375","86490","20143"
"2026-03-17","영등포구","6717771","2860298","84977","29356"
"2026-03-18","영등포구","6985628","2861457","92288","14187"
"2026-03-19","영등포구","8691716","3182006","77246","58737"
"2026-03-20","영등포구","9059820","3882725","132317","52988"
"2026-03-21","영등포구","11287088","4258870","481199","97837"
"2026-03-22","영등포구","8796753","3041864","163560","80591"
"2026-03-23","영등포구","6075306","2668731","73691","81321"
"2026-03-24","영등포구","6938991","3025006","86189","44029"
"2026-03-25","영등포구","7747592","3329874","104061","24836"
"2026-03-26","영등포구","7748870","3204106","150653","191745"
"2026-03-27","영등포구","9270077","3835442","92816","43753"
"2026-03-28","영등포구","11877785","4042051","293179","133502"
"2026-03-29","영등포구","10305554","2903730","206609","98835"
"2026-03-30","영등포구","6378203","2722471","119552","19134"
"2026-03-31","영등포구","7826326","3185372","85448","67979"
"2026-04-01","영등포구","7385065","3211695","114266","55128"
"2026-04-02","영등포구","7846355","3444755","147074","32546"
"2026-04-03","영등포구","9192274","4029600","156499","49327"
"2026-04-04","영등포구","12919748","4351319","259878","104928"
"2026-04-05","영등포구","10034537","3330559","144463","101118"
"2026-04-06","영등포구","7015780","2718143","119813","24298"
"2026-04-07","영등포구","6811192","3002255","235684","52169"
"2026-04-08","영등포구","7439010","3270028","86894","38813"
"2026-04-09","영등포구","6421045","2888406","70488","50744"
"2026-04-10","영등포구","8494788","3543903","257905","48936"
"2026-04-11","영등포구","11453240","3771476","406675","153063"
"2026-04-12","영등포구","9808535","3043158","452687","158081"
"2026-04-13","영등포구","6016156","2737164","107747","67674"
"2026-04-14","영등포구","7018658","3004517","75054","48645"
"2026-04-15","영등포구","7669704","3063796","53152","46282"
"2026-04-16","영등포구","7738652","3202645","94907","41718"
"2026-04-17","영등포구","9282441","3661458","101784","71208"
"2026-04-18","영등포구","12131015","3874598","391620","148702"
"2026-04-19","영등포구","10670697","2886417","152434","134708"
"2026-04-20","영등포구","5581556","2572639","66744","30794"
"2026-04-21","영등포구","6624463","2910814","88282","34592"
"2026-04-22","영등포구","6923526","3087017","101419","29829"
"2026-04-23","영등포구","7636232","3257981","96002","97044"
"2026-04-24","영등포구","9425460","3910637","173972","87153"
"2026-04-25","영등포구","11932768","4037839","358006","285334"
"2026-04-26","영등포구","8977757","2967088","203333","301130"
"2026-04-27","영등포구","6615739","2822376","177533","72700"
"2026-04-28","영등포구","8039358","3145331","201677","174225"
"2026-04-29","영등포구","8011777","3375993","94344","104945"
"2026-04-30","영등포구","9052448","3906352","153241","142078"
"2026-05-01","영등포구","11854733","3598443","193863","404051"
"2026-05-02","영등포구","11029661","3519182","158494","459513"
"2026-05-03","영등포구","8762069","2675055","145782","240236"
"2026-05-04","영등포구","9191861","3425367","107747","258644"
"2026-05-05","영등포구","9598789","3003934","189228","331514"
"2026-05-06","영등포구","6979583","2808685","119016","84464"
"2026-05-07","영등포구","6940927","2870003","92375","63249"
"2026-05-08","영등포구","8980170","3558693","98319","144523"
"2026-05-09","영등포구","11600031","4134779","284959","257781"
"2026-05-10","영등포구","9010439","3067598","132534","249197"
"2026-05-11","영등포구","6264560","2627097","141709","57741"
"2026-05-12","영등포구","6606840","2883780","128491","49585"
"2026-05-13","영등포구","7688215","3025504","86105","51874"
"2026-05-14","영등포구","8302761","3085339","98724","56558"
"2026-05-15","영등포구","9448845","3591173","103594","225489"
"2026-05-16","영등포구","12259810","3930420","217739","169498"
"2026-05-17","영등포구","10725966","2787722","377172","139221"
"2026-05-18","영등포구","4816127","2764219","78079","45482"
"2026-05-19","영등포구","7126001","2904191","146381","87548"
"2026-05-20","영등포구","6406530","2746797","62123","22380"
"2026-05-21","영등포구","7447268","3097596","105032","67711"
"2026-05-22","영등포구","8838055","3790427","117363","71237"
"2026-05-23","영등포구","11624083","4078823","460183","200177"
"2026-05-24","영등포구","9331481","3253777","155970","267493"
"2026-05-25","영등포구","8794112","2473947","152417","132635"
"2026-05-26","영등포구","5929574","2649955","88699","63437"
"2026-05-27","영등포구","6442314","2979664","105389","65018"
"2026-05-28","영등포구","6961460","3105150","83837","93587"
