TRRSRT_NM,NEAREST_IC_NM,DISTANCE_WITH_IC,NEAREST_AIRPORT_NM,DISTANCE_WITH_AIRPORT,NEAREST_TRAIN_STATION_IC,DISTANCE_WITH_TRAIN_STATION
강변,서하남IC,5.618,김포,26.935,강변(동서울터미널),0.007
해동용궁사,동부산IC,2.358,김해,25.944,오시리아역,1.624
광화문,양재IC,13.428,김포,16.503,광화문(세종문화회관),0.088
남한산성,서하남IC,4.348,김포,35.457,마천,2.993
자갈치시장,서부산ICIC,9.67,김해,12.473,자갈치,0.346
거제,통영IC,15.198,김해,43.703,다대포해수욕장,36.798
부평깡통시장,서부산ICIC,9.04,김해,11.831,자갈치,0.437
홍대역,금천IC,11.155,김포,11.804,홍대입구,0.113
용인 에버랜드,마성IC,2.487,김포,46.759,전대·에버랜드,1.772
명동,양재IC,11.845,김포,17.214,명동,0.115
행리단길,동수원IC,3.681,김포,36.122,화서역,2.055
강남,양재IC,4.153,김포,24.975,대치,0.233
순천만습지,순천만IC,2.773,여수,10.959,녹동,57.865
이태원,양재IC,9.441,김포,17.938,이태원,0.476
논현,양재IC,5.683,김포,21.829,학동,0.065
DDP 동대문디자인플라자,남구리IC,11.556,김포,19.297,동대문역사문화공원(DDP),0.103
인왕산,자유로IC,14.354,김포,15.17,무악재,0.848
인천국제공항,공항신도시JCT,5.33,김포,32.674,인천공항2터미널,1.343
국립중앙박물관,양재IC,8.656,김포,17.171,이촌역,0.606
정자역,판교IC,3.471,김포,35.196,정자역,0.083
종묘,남구리IC,12.847,김포,18.008,종로3가(탑골공원),0.373
주문진항,남양양IC,4.18,양양,23.579,남춘천역,96.863
광화문,양재IC,13.428,김포,16.503,광화문(세종문화회관),0.088
달성공원,북대구IC,3.67,대구,7.607,달성공원,0.41
남산,양재IC,11.416,김포,16.792,회현(남대문시장),0.596
어린이대공원,남구리IC,6.017,김포,25.693,어린이대공원(세종대),0.65
대릉원,경주IC,4.089,포항경주,25.181,태화강역,35.708
덕진공원,완주JCT,6.16,군산,46.016,서대전네거리,58.906
시립미술관,부산IC,4.105,김해,18.144,벡스코,0.292
숭례문,양재IC,12.262,김포,16.287,회현(남대문시장),0.304
명동,양재IC,11.845,김포,17.214,명동,0.115
수원시장,동수원IC,5.658,김포,37.365,수원역(분당),0.139
묵호항,망상IC,4.267,양양,68.95,양원역,65.266
세종문화회관,양재IC,13.489,김포,16.393,광화문(세종문화회관),0.127
부평깡통시장,서부산ICIC,9.04,김해,11.831,자갈치,0.437
세빛둥둥섬,판교IC,4.236,김포,35.487,정자역,0.758
성수동,남구리IC,8.418,김포,23.536,성수,0.442
서울시청,양재IC,10.458,김포,18.227,버티고개,0.907
서문시장,북대구IC,4.241,대구,7.567,서문시장(동산병원),0.159
서울관광재단,양재IC,12.675,김포,17.368,종각,0.399
예술의전당,양재IC,3.132,김포,21.474,남부터미널(예술의전당),0.697
창덕궁,남구리IC,13.084,김포,17.829,안국,0.586
서울대학교,금천IC,5.886,김포,17.986,관악산,1.184
코엑스몰,양재IC,5.573,김포,24.284,봉은사,0.322
감천문화마을,서부산ICIC,8.339,김해,11.258,토성,0.914
강남,양재IC,4.153,김포,24.975,대치,0.233
홍대역,금천IC,11.155,김포,11.804,홍대입구,0.113
N서울타워,양재IC,10.869,김포,17.442,명동,1.102
황리단길,경주IC,3.997,포항경주,25.282,태화강역,35.685
충청남도청,신양IC,15.582,군산,65.158,신창(순천향대)역,36.073
경복궁,양재IC,14.154,김포,16.61,경복궁(정부서울청사),0.519
거제,통영IC,15.198,김해,43.703,다대포해수욕장,36.798
청계천,양재IC,13.031,김포,16.626,광화문(세종문화회관),0.338
합천영상테마파크,가조IC,17.618,사천,51.217,설화명곡,46.722
서울숲공원,양재IC,9.033,김포,21.818,서울숲역,0.644
서울대학교,금천IC,5.886,김포,17.986,관악산,1.184
강남,양재IC,4.153,김포,24.975,대치,0.233
성수동,남구리IC,8.418,김포,23.536,성수,0.442
인천국제공항,공항신도시JCT,5.33,김포,32.674,인천공항2터미널,1.343
광화문,양재IC,13.428,김포,16.503,광화문(세종문화회관),0.088
신촌,금천IC,12.377,김포,13.192,신촌역,0.626
영종도,영종IC,3.607,김포,23.371,영종,1.679
광장시장,남구리IC,12.363,김포,18.474,종로5가,0.227
강남,양재IC,4.153,김포,24.975,대치,0.233
숭례문,양재IC,12.262,김포,16.287,회현(남대문시장),0.304
안동 하회마을,서안동IC,10.147,대구,73.843,구미역,50.012
명동,양재IC,11.845,김포,17.214,명동,0.115
명동대성당,양재IC,12.134,김포,17.346,명동,0.277
해운대해수욕장,부산IC,1.061,김해,21.47,장산,0.337
아바이마을,북양양IC,5.185,양양,16.82,춘천역,84.56
천마총,경주IC,4.131,포항경주,25.159,태화강역,35.774
행리단길,동수원IC,3.681,김포,36.122,화서역,2.055
묵호항,망상IC,4.267,양양,68.95,양원역,65.266
서울대학교,금천IC,5.886,김포,17.986,관악산,1.184
서울관광재단,양재IC,12.675,김포,17.368,종각,0.399
황리단길,경주IC,3.997,포항경주,25.282,태화강역,35.685
서울랜드,양재IC,3.766,김포,24.495,대공원역,1.218
서울숲공원,양재IC,9.033,김포,21.818,서울숲역,0.644
서문시장,북대구IC,4.241,대구,7.567,서문시장(동산병원),0.159
가로수길,양재IC,6.648,김포,20.892,신사,0.563
효원공원,동수원IC,4.083,김포,39.333,수원시청역,0.724
성수동,남구리IC,8.418,김포,23.536,성수,0.442
N서울타워,양재IC,10.869,김포,17.442,명동,1.102
홍대역,금천IC,11.155,김포,11.804,홍대입구,0.113
한라산,강진무위사IC,149.617,제주,16.957,평동,197.282
세종문화회관,양재IC,13.489,김포,16.393,광화문(세종문화회관),0.127
송도해수욕장,서부산ICIC,10.627,김해,13.599,자갈치,2.62
쁘띠프랑스,설악IC,5.043,원주,51.602,청평역,6.059
예술의전당,양재IC,3.132,김포,21.474,남부터미널(예술의전당),0.697
대릉원,경주IC,4.089,포항경주,25.181,태화강역,35.708
인천국제공항,공항신도시JCT,5.33,김포,32.674,인천공항2터미널,1.343
경복궁,양재IC,14.154,김포,16.61,경복궁(정부서울청사),0.519
국립중앙박물관,양재IC,8.656,김포,17.171,이촌역,0.606
인천항,학익JCT,3.248,김포,18.215,신포역,1.004
김포공항,김포IC,4.048,김포,1.262,김포공항역,0.362
포항 호미곶,남포항IC,21.14,포항경주,16.273,태화강역,62.579
서울광장,양재IC,12.703,김포,16.544,시청,0.081
구룡포항,남포항IC,15.466,포항경주,12.153,태화강역,53.36
종묘,남구리IC,12.847,김포,18.008,종로3가(탑골공원),0.373
주문진항,남양양IC,4.18,양양,23.579,남춘천역,96.863
코엑스몰,양재IC,5.573,김포,24.284,봉은사,0.322
주상절리대,강진무위사IC,164.608,제주,31.039,평동,212.198
이화여자대학교,금천IC,12.274,김포,13.782,신촌역,0.462
익선동,양재IC,13.189,김포,17.646,종로3가(탑골공원),0.211
광화문,양재IC,13.428,김포,16.503,광화문(세종문화회관),0.088
오설록 티 뮤지엄,강진무위사IC,159.75,제주,29.609,평동,206.999
창덕궁,남구리IC,13.084,김포,17.829,안국,0.586
청계천,양재IC,13.031,김포,16.626,광화문(세종문화회관),0.338
용인 에버랜드,마성IC,2.487,김포,46.759,전대·에버랜드,1.772
남대문시장,양재IC,12.085,김포,16.494,회현(남대문시장),0.08
거제,통영IC,15.198,김해,43.703,다대포해수욕장,36.798
남산,양재IC,11.416,김포,16.792,회현(남대문시장),0.596
조계사,양재IC,13.383,김포,16.982,종각,0.412
한강 공원,양재IC,7.355,김포,20.512,압구정,0.765
이태원,양재IC,9.441,김포,17.938,이태원,0.476
강남,양재IC,4.153,김포,24.975,대치,0.233
경복궁,양재IC,14.154,김포,16.61,경복궁(정부서울청사),0.519
마포대교,금천IC,9.086,김포,13.199,여의나루,0.841
광화문,양재IC,13.428,김포,16.503,광화문(세종문화회관),0.088
순천만습지,순천만IC,2.773,여수,10.959,녹동,57.865
인천대교,학익JCT,7.885,김포,25.465,송도달빛축제공원,5.312
논현,양재IC,5.683,김포,21.829,학동,0.065
벽초지수목원,법원IC,3.572,김포,27.991,월롱역,7.146
인천국제공항,공항신도시JCT,5.33,김포,32.674,인천공항2터미널,1.343
해운대해수욕장,부산IC,1.061,김해,21.47,장산,0.337
낙안읍성민속마을,고흥IC,8.93,여수,26.157,녹동,43.228
서울시청,양재IC,10.458,김포,18.227,버티고개,0.907
홍대역,금천IC,11.155,김포,11.804,홍대입구,0.113
섭지코지,장흥IC,142.734,제주,41.792,녹동,187.121
서울대학교,금천IC,5.886,김포,17.986,관악산,1.184
청계천,양재IC,13.031,김포,16.626,광화문(세종문화회관),0.338
한국민속촌,수원신갈IC,1.374,김포,44.083,상갈역,0.89
인천국제공항,공항신도시JCT,5.33,김포,32.674,인천공항2터미널,1.343
속초중앙시장,북양양IC,5.564,양양,17.365,춘천역,84.376
수원시장,동수원IC,5.658,김포,37.365,수원역(분당),0.139
순천만국가정원,도롱IC,3.791,여수,14.441,녹동,55.095
해운대해수욕장,부산IC,1.061,김해,21.47,장산,0.337
이화여자대학교,금천IC,12.274,김포,13.782,신촌역,0.462
순천만습지,순천만IC,2.773,여수,10.959,녹동,57.865
숭례문,양재IC,12.262,김포,16.287,회현(남대문시장),0.304
이태원,양재IC,9.441,김포,17.938,이태원,0.476
아바이마을,북양양IC,5.185,양양,16.82,춘천역,84.56
합천영상테마파크,가조IC,17.618,사천,51.217,설화명곡,46.722
한강 공원,양재IC,7.355,김포,20.512,압구정,0.765
전주 한옥마을,동전주IC,4.832,군산,49.257,서대전네거리,60.826
인사동,양재IC,13.033,김포,17.3,종각,0.31
성산 일출봉,강진무위사IC,142.987,제주,36.03,녹동,187.913
서울광장,양재IC,12.703,김포,16.544,시청,0.081
명동,양재IC,11.845,김포,17.214,명동,0.115
마로니에 공원,남구리IC,12.047,김포,18.874,혜화,0.196
롯데월드,서하남IC,4.712,김포,27.622,잠실(송파구청),0.299
남산,양재IC,11.416,김포,16.792,회현(남대문시장),0.596
남대문시장,양재IC,12.085,김포,16.494,회현(남대문시장),0.08
낙안읍성민속마을,고흥IC,8.93,여수,26.157,녹동,43.228
김해공항,김포IC,4.05,김포,1.258,김포공항역,0.358
국립중앙박물관,양재IC,8.656,김포,17.171,이촌역,0.606
부산 국제시장,대동JCT,8.302,김해,12.141,양정,0.022
광화문,양재IC,13.428,김포,16.503,광화문(세종문화회관),0.088
광안리해수욕장,부산IC,6.279,김해,16.671,광안,0.727
경복궁,양재IC,14.154,김포,16.61,경복궁(정부서울청사),0.519
거제,통영IC,15.198,김해,43.703,다대포해수욕장,36.798
강변,서하남IC,5.618,김포,26.935,강변(동서울터미널),0.007
강남,양재IC,4.153,김포,24.975,대치,0.233
감천문화마을,서부산ICIC,8.339,김해,11.258,토성,0.914
N서울타워,양재IC,10.869,김포,17.442,명동,1.102
DDP 동대문디자인플라자,남구리IC,11.556,김포,19.297,동대문역사문화공원(DDP),0.103
광장시장,남구리IC,12.363,김포,18.474,종로5가,0.227
북촌한옥마을,남구리IC,13.624,김포,17.33,안국,0.548
낙산공원,남구리IC,11.637,김포,19.283,혜화,0.516
쁘띠프랑스,설악IC,5.043,원주,51.602,청평역,6.059
서문시장,북대구IC,4.241,대구,7.567,서문시장(동산병원),0.159
서울관광재단,양재IC,12.675,김포,17.368,종각,0.399
서문시장,북대구IC,4.241,대구,7.567,서문시장(동산병원),0.159
쁘띠프랑스,설악IC,5.043,원주,51.602,청평역,6.059
명동,양재IC,11.845,김포,17.214,명동,0.115
강남,양재IC,4.153,김포,24.975,대치,0.233
코엑스몰,양재IC,5.573,김포,24.284,봉은사,0.322
창경궁,남구리IC,12.745,김포,18.155,혜화,0.725
경복궁,양재IC,14.154,김포,16.61,경복궁(정부서울청사),0.519
광화문,양재IC,13.428,김포,16.503,광화문(세종문화회관),0.088
달성공원,북대구IC,3.67,대구,7.607,달성공원,0.41
N서울타워,양재IC,10.869,김포,17.442,명동,1.102
창덕궁,남구리IC,13.084,김포,17.829,안국,0.586
홍대역,금천IC,11.155,김포,11.804,홍대입구,0.113
청계천,양재IC,13.031,김포,16.626,광화문(세종문화회관),0.338
낙산공원,남구리IC,11.637,김포,19.283,혜화,0.516
인왕산,자유로IC,14.354,김포,15.17,무악재,0.848
성수동,남구리IC,8.418,김포,23.536,성수,0.442
북촌한옥마을,남구리IC,13.624,김포,17.33,안국,0.548
광장시장,남구리IC,12.363,김포,18.474,종로5가,0.227
죽녹원,담양IC,5.159,광주,27.437,금남로5가,20.415
주상절리대,강진무위사IC,164.608,제주,31.039,평동,212.198
주문진항,남양양IC,4.18,양양,23.579,남춘천역,96.863
창경궁,남구리IC,12.745,김포,18.155,혜화,0.725
광화문,양재IC,13.428,김포,16.503,광화문(세종문화회관),0.088
북촌한옥마을,남구리IC,13.624,김포,17.33,안국,0.548
구룡포항,남포항IC,15.466,포항경주,12.153,태화강역,53.36
조계사,양재IC,13.383,김포,16.982,종각,0.412
창덕궁,남구리IC,13.084,김포,17.829,안국,0.586
제주공항,강진무위사IC,134.032,제주,0.45,평동,181.649
정자역,판교IC,3.471,김포,35.196,정자역,0.083
전주 한옥마을,동전주IC,4.832,군산,49.257,서대전네거리,60.826
국립민속박물관,남구리IC,14.149,김포,16.814,경복궁(정부서울청사),0.803
성산 일출봉,강진무위사IC,142.987,제주,36.03,녹동,187.913
인천항,학익JCT,3.248,김포,18.215,신포역,1.004
서울숲공원,양재IC,9.033,김포,21.818,서울숲역,0.644
인천대교,학익JCT,7.885,김포,25.465,송도달빛축제공원,5.312
국립중앙박물관,양재IC,8.656,김포,17.171,이촌역,0.606
인천국제공항,공항신도시JCT,5.33,김포,32.674,인천공항2터미널,1.343
종묘,남구리IC,12.847,김포,18.008,종로3가(탑골공원),0.373
국립경주박물관,경주IC,4.42,포항경주,24.724,태화강역,34.253
경복궁,양재IC,14.154,김포,16.61,경복궁(정부서울청사),0.519
광안리해수욕장,부산IC,6.279,김해,16.671,광안,0.727
황리단길,경주IC,3.997,포항경주,25.282,태화강역,35.685
DDP 동대문디자인플라자,남구리IC,11.556,김포,19.297,동대문역사문화공원(DDP),0.103
홍대역,금천IC,11.155,김포,11.804,홍대입구,0.113
서울관광재단,양재IC,12.675,김포,17.368,종각,0.399
N서울타워,양재IC,10.869,김포,17.442,명동,1.102
행리단길,동수원IC,3.681,김포,36.122,화서역,2.055
가로수길,양재IC,6.648,김포,20.892,신사,0.563
해운대해수욕장,부산IC,1.061,김해,21.47,장산,0.337
감천문화마을,서부산ICIC,8.339,김해,11.258,토성,0.914
서울대학교,금천IC,5.886,김포,17.986,관악산,1.184
해동용궁사,동부산IC,2.358,김해,25.944,오시리아역,1.624
합천영상테마파크,가조IC,17.618,사천,51.217,설화명곡,46.722
강남,양재IC,4.153,김포,24.975,대치,0.233
한라산,강진무위사IC,149.617,제주,16.957,평동,197.282
한국민속촌,수원신갈IC,1.374,김포,44.083,상갈역,0.89
강변,서하남IC,5.618,김포,26.935,강변(동서울터미널),0.007
한강 공원,양재IC,7.355,김포,20.512,압구정,0.765
서문시장,북대구IC,4.241,대구,7.567,서문시장(동산병원),0.159
포항공대,포항IC,3.164,포항경주,9.219,하양(대구가톨릭대),46.968
포항 호미곶,남포항IC,21.14,포항경주,16.273,태화강역,62.579
거제,통영IC,15.198,김해,43.703,다대포해수욕장,36.798
코엑스몰,양재IC,5.573,김포,24.284,봉은사,0.322
서울랜드,양재IC,3.766,김포,24.495,대공원역,1.218
충청남도청,신양IC,15.582,군산,65.158,신창(순천향대)역,36.073
김포공항,김포IC,4.048,김포,1.262,김포공항역,0.362
충주호,괴산IC,16.265,원주,54.039,여주역,52.93
청계천,양재IC,13.031,김포,16.626,광화문(세종문화회관),0.338
천마총,경주IC,4.131,포항경주,25.159,태화강역,35.774
김해공항,김포IC,4.05,김포,1.258,김포공항역,0.358
자갈치시장,서부산ICIC,9.67,김해,12.473,자갈치,0.346
신촌,금천IC,12.377,김포,13.192,신촌역,0.626
어린이대공원,남구리IC,6.017,김포,25.693,어린이대공원(세종대),0.65
대릉원,경주IC,4.089,포항경주,25.181,태화강역,35.708
안동 하회마을,서안동IC,10.147,대구,73.843,구미역,50.012
아바이마을,북양양IC,5.185,양양,16.82,춘천역,84.56
덕진공원,완주JCT,6.16,군산,46.016,서대전네거리,58.906
뚝섬,남구리IC,8.823,김포,22.675,뚝섬,0.003
서울광장,양재IC,12.703,김포,16.544,시청,0.081
시립미술관,부산IC,4.105,김해,18.144,벡스코,0.292
석굴암,동경주IC,7.055,포항경주,22.399,태화강역,28.491
숭례문,양재IC,12.262,김포,16.287,회현(남대문시장),0.304
롯데월드,서하남IC,4.712,김포,27.622,잠실(송파구청),0.299
마로니에 공원,남구리IC,12.047,김포,18.874,혜화,0.196
순천만습지,순천만IC,2.773,여수,10.959,녹동,57.865
여의도한강공원,금천IC,8.289,김포,13.179,여의나루,0.172
마포대교,금천IC,9.086,김포,13.199,여의나루,0.841
수원시장,동수원IC,5.658,김포,37.365,수원역(분당),0.139
명동,양재IC,11.845,김포,17.214,명동,0.115
명동대성당,양재IC,12.134,김포,17.346,명동,0.277
송도해수욕장,서부산ICIC,10.627,김해,13.599,자갈치,2.62
묵호항,망상IC,4.267,양양,68.95,양원역,65.266
속초중앙시장,북양양IC,5.564,양양,17.365,춘천역,84.376
벽초지수목원,법원IC,3.572,김포,27.991,월롱역,7.146
세종문화회관,양재IC,13.489,김포,16.393,광화문(세종문화회관),0.127
섭지코지,장흥IC,142.734,제주,41.792,녹동,187.121
부산 국제시장,대동JCT,8.302,김해,12.141,양정,0.022
세빛둥둥섬,판교IC,4.236,김포,35.487,정자역,0.758
부평깡통시장,서부산ICIC,9.04,김해,11.831,자갈치,0.437
성수동,남구리IC,8.418,김포,23.536,성수,0.442
순천만국가정원,도롱IC,3.791,여수,14.441,녹동,55.095
달성공원,북대구IC,3.67,대구,7.607,달성공원,0.41
효원공원,동수원IC,4.083,김포,39.333,수원시청역,0.724
낙산공원,남구리IC,11.637,김포,19.283,혜화,0.516
쁘띠프랑스,설악IC,5.043,원주,51.602,청평역,6.059
남대문시장,양재IC,12.085,김포,16.494,회현(남대문시장),0.08
용인 에버랜드,마성IC,2.487,김포,46.759,전대·에버랜드,1.772
남산,양재IC,11.416,김포,16.792,회현(남대문시장),0.596
서울시청,양재IC,10.458,김포,18.227,버티고개,0.907
인사동,양재IC,13.033,김포,17.3,종각,0.31
오설록 티 뮤지엄,강진무위사IC,159.75,제주,29.609,평동,206.999
익선동,양재IC,13.189,김포,17.646,종로3가(탑골공원),0.211
이화여자대학교,금천IC,12.274,김포,13.782,신촌역,0.462
낙안읍성민속마을,고흥IC,8.93,여수,26.157,녹동,43.228
예술의전당,양재IC,3.132,김포,21.474,남부터미널(예술의전당),0.697
인왕산,자유로IC,14.354,김포,15.17,무악재,0.848
논현,양재IC,5.683,김포,21.829,학동,0.065
이태원,양재IC,9.441,김포,17.938,이태원,0.476
영종도,영종IC,3.607,김포,23.371,영종,1.679
남한산성,서하남IC,4.348,김포,35.457,마천,2.993
송도해수욕장,서부산ICIC,10.627,김해,13.599,자갈치,2.62
낙안읍성민속마을,고흥IC,8.93,여수,26.157,녹동,43.228
국립민속박물관,남구리IC,14.149,김포,16.814,경복궁(정부서울청사),0.803
해운대해수욕장,부산IC,1.061,김해,21.47,장산,0.337
세종문화회관,양재IC,13.489,김포,16.393,광화문(세종문화회관),0.127
여의도한강공원,금천IC,8.289,김포,13.179,여의나루,0.172
행리단길,동수원IC,3.681,김포,36.122,화서역,2.055
익선동,양재IC,13.189,김포,17.646,종로3가(탑골공원),0.211
국립경주박물관,경주IC,4.42,포항경주,24.724,태화강역,34.253
세빛둥둥섬,판교IC,4.236,김포,35.487,정자역,0.758
DDP 동대문디자인플라자,남구리IC,11.556,김포,19.297,동대문역사문화공원(DDP),0.103
국립중앙박물관,양재IC,8.656,김포,17.171,이촌역,0.606
홍대역,금천IC,11.155,김포,11.804,홍대입구,0.113
성수동,남구리IC,8.418,김포,23.536,성수,0.442
서울관광재단,양재IC,12.675,김포,17.368,종각,0.399
황리단길,경주IC,3.997,포항경주,25.282,태화강역,35.685
N서울타워,양재IC,10.869,김포,17.442,명동,1.102
이태원,양재IC,9.441,김포,17.938,이태원,0.476
마포대교,금천IC,9.086,김포,13.199,여의나루,0.841
한라산,강진무위사IC,149.617,제주,16.957,평동,197.282
창덕궁,남구리IC,13.084,김포,17.829,안국,0.586
죽녹원,담양IC,5.159,광주,27.437,금남로5가,20.415
서울랜드,양재IC,3.766,김포,24.495,대공원역,1.218
경복궁,양재IC,14.154,김포,16.61,경복궁(정부서울청사),0.519
대릉원,경주IC,4.089,포항경주,25.181,태화강역,35.708
청계천,양재IC,13.031,김포,16.626,광화문(세종문화회관),0.338
충주호,괴산IC,16.265,원주,54.039,여주역,52.93
남산,양재IC,11.416,김포,16.792,회현(남대문시장),0.596
뚝섬,남구리IC,8.823,김포,22.675,뚝섬,0.003
용인 에버랜드,마성IC,2.487,김포,46.759,전대·에버랜드,1.772
강남,양재IC,4.153,김포,24.975,대치,0.233
숭례문,양재IC,12.262,김포,16.287,회현(남대문시장),0.304
광화문,양재IC,13.428,김포,16.503,광화문(세종문화회관),0.088
서울시청,양재IC,10.458,김포,18.227,버티고개,0.907
포항 호미곶,남포항IC,21.14,포항경주,16.273,태화강역,62.579
석굴암,동경주IC,7.055,포항경주,22.399,태화강역,28.491
포항공대,포항IC,3.164,포항경주,9.219,하양(대구가톨릭대),46.968
강변,서하남IC,5.618,김포,26.935,강변(동서울터미널),0.007
한강 공원,양재IC,7.355,김포,20.512,압구정,0.765
제주공항,강진무위사IC,134.032,제주,0.45,평동,181.649
광장시장,남구리IC,12.363,김포,18.474,종로5가,0.227
서울대학교,금천IC,5.886,김포,17.986,관악산,1.184
코엑스몰,양재IC,5.573,김포,24.284,봉은사,0.322
쁘띠프랑스,설악IC,5.043,원주,51.602,청평역,6.059
