"장소명","관광지주소","관광지위도","관광지경도","주차장관리번호","주차장명","주차장유형","주차장주소","거리_m","주차구획수","요금정보","좌표출처","데이터기준일자","원본파일"
"여의도한강공원","서울특별시 영등포구 여의동로 계절광장","37.5267106","126.9347112","118-2-000029","경부제3녹지 공영주차장","노외","서울특별시 영등포구 영등포로 405","1773","143","유료","원본","2026-04-20","서울특별시_영등포구_주차장정보_20260420.csv"
"청계천","서울특별시 중구 무교동 80-1","37.5691015","126.9786692","101-1-000006","뉴국제호텔앞 공영주차장","노상","서울특별시 중구 세종대로22길 12","141","19","유료","원본","2026-04-17","서울특별시_중구_주차장정보_20260417.csv"
"청계천","서울특별시 중구 무교동 80-1","37.5691015","126.9786692","101-1-000004","다동쉼터 공영주차장","노상","서울특별시 중구 다동길 11","168","7","유료","원본","2026-04-17","서울특별시_중구_주차장정보_20260417.csv"
"청계천","서울특별시 중구 무교동 80-1","37.5691015","126.9786692","100-1-000006","종각뒤","노상","서울특별시 종로구 종로8길 5-8","469","13","유료","주소 지오코딩 보완","2026-04-17","서울특별시_종로구_주차장정보_20260417.csv"
"청계천","서울특별시 중구 무교동 80-1","37.5691015","126.9786692","100-1-000005","광화문빌딩앞","노상","서울특별시 종로구 당주동 40-6","508","16","유료","주소 지오코딩 보완","2026-04-17","서울특별시_종로구_주차장정보_20260417.csv"
"청계천","서울특별시 중구 무교동 80-1","37.5691015","126.9786692","101-1-000020","조선호텔앞 공영주차장","노상","서울특별시 중구 남대문로7길 11","643","4","유료","원본","2026-04-17","서울특별시_중구_주차장정보_20260417.csv"
"청계천","서울특별시 중구 무교동 80-1","37.5691015","126.9786692","100-2-000001","서인사마당","노외","서울특별시 종로구 인사동11길 19 (견지동)","666","40","유료","주소 지오코딩 보완","2026-04-17","서울특별시_종로구_주차장정보_20260417.csv"
"청계천","서울특별시 중구 무교동 80-1","37.5691015","126.9786692","100-2-000004","하나로빌딩옆","노외","서울특별시 종로구 종로11길 17-18 (인사동)","740","11","유료","주소 지오코딩 보완","2026-04-17","서울특별시_종로구_주차장정보_20260417.csv"
"청계천","서울특별시 중구 무교동 80-1","37.5691015","126.9786692","100-1-000001","낙원상가 밑","노상","서울특별시 종로구 삼일대로 428","858","10","유료","주소 지오코딩 보완","2026-04-17","서울특별시_종로구_주차장정보_20260417.csv"
"청계천","서울특별시 중구 무교동 80-1","37.5691015","126.9786692","101-1-000005","해운센터앞 공영주차장","노상","서울특별시 중구 세종대로9길 68-1","867","9","유료","원본","2026-04-17","서울특별시_중구_주차장정보_20260417.csv"
"청계천","서울특별시 중구 무교동 80-1","37.5691015","126.9786692","101-1-000007","이화여고앞 공영주차장","노상","서울특별시 중구 통일로4길 30","887","13","유료","원본","2026-04-17","서울특별시_중구_주차장정보_20260417.csv"
"청계천","서울특별시 중구 무교동 80-1","37.5691015","126.9786692","101-1-000017","한국관광공사옆 공영주차장","노상","서울특별시 중구 남대문로 11","916","9","유료","원본","2026-04-17","서울특별시_중구_주차장정보_20260417.csv"
"청계천","서울특별시 중구 무교동 80-1","37.5691015","126.9786692","101-1-000021","서소문올리브타워옆 공영주차장","노상","서울특별시 중구 세종대로9길 41","996","16","유료","원본","2026-04-17","서울특별시_중구_주차장정보_20260417.csv"
"청계천","서울특별시 중구 무교동 80-1","37.5691015","126.9786692","100-2-000002","신문로","노외","서울특별시 종로구 신문로 1가 58-36","1092","30","유료","주소 지오코딩 보완","2026-04-17","서울특별시_종로구_주차장정보_20260417.csv"
"청계천","서울특별시 중구 무교동 80-1","37.5691015","126.9786692","101-1-000015","코오롱빌딩옆 공영주차장","노상","서울특별시 중구 세종대로 23","1192","10","유료","원본","2026-04-17","서울특별시_중구_주차장정보_20260417.csv"
"청계천","서울특별시 중구 무교동 80-1","37.5691015","126.9786692","101-1-000014","남대문피혁상가남측 공영주차장","노상","서울특별시 중구 세종대로 23","1192","24","유료","원본","2026-04-17","서울특별시_중구_주차장정보_20260417.csv"
"청계천","서울특별시 중구 무교동 80-1","37.5691015","126.9786692","101-2-000012","서소문삼성생명뒤 공영주차장","노외","서울특별시 중구 세종대로 23","1192","23","유료","원본","2026-04-17","서울특별시_중구_주차장정보_20260417.csv"
"청계천","서울특별시 중구 무교동 80-1","37.5691015","126.9786692","101-1-000019","남평화시장앞 공영주차장","노상","서울특별시 중구 세종대로 23","1192","32","유료","원본","2026-04-17","서울특별시_중구_주차장정보_20260417.csv"
"청계천","서울특별시 중구 무교동 80-1","37.5691015","126.9786692","101-1-000018","맑은내길 공영주차장","노상","서울특별시 중구 세종대로 23","1192","17","유료","원본","2026-04-17","서울특별시_중구_주차장정보_20260417.csv"
"청계천","서울특별시 중구 무교동 80-1","37.5691015","126.9786692","101-1-000024","진양상가 인공도로 공영주차장","노상","서울특별시 중구 세종대로 23","1192","14","유료","원본","2026-04-17","서울특별시_중구_주차장정보_20260417.csv"
"청계천","서울특별시 중구 무교동 80-1","37.5691015","126.9786692","101-1-000008","국제화재빌딩옆 공영주차장","노상","서울특별시 중구 소월로 16","1232","5","유료","원본","2026-04-17","서울특별시_중구_주차장정보_20260417.csv"
"청계천","서울특별시 중구 무교동 80-1","37.5691015","126.9786692","101-2-000018","남산동 공영주차장","노외","서울특별시 중구 퇴계로20길 24","1252","48","유료","원본","2026-04-17","서울특별시_중구_주차장정보_20260417.csv"
"청계천","서울특별시 중구 무교동 80-1","37.5691015","126.9786692","100-1-000003","세운상가밑","노상","서울특별시 종로구 청계천로 159 (장사동)","1305","29","유료","주소 지오코딩 보완","2026-04-17","서울특별시_종로구_주차장정보_20260417.csv"
"청계천","서울특별시 중구 무교동 80-1","37.5691015","126.9786692","101-1-000009","대림상가 공영주차장","노상","서울특별시 중구 을지로19길 38","1506","47","유료","원본","2026-04-17","서울특별시_중구_주차장정보_20260417.csv"
"청계천","서울특별시 중구 무교동 80-1","37.5691015","126.9786692","101-1-000002","삼풍상가 공영주차장","노상","서울특별시 중구 을지로 158","1533","26","유료","원본","2026-04-17","서울특별시_중구_주차장정보_20260417.csv"
"청계천","서울특별시 중구 무교동 80-1","37.5691015","126.9786692","100-1-000004","원서공원앞","노상","서울특별시 종로구 원서동 181-1","1646","17","유료","주소 지오코딩 보완","2026-04-17","서울특별시_종로구_주차장정보_20260417.csv"
"청계천","서울특별시 중구 무교동 80-1","37.5691015","126.9786692","101-2-000015","손기정체육공원 공영주차장","노외","서울특별시 중구 손기정로 101","1923","162","유료","원본","2026-04-17","서울특별시_중구_주차장정보_20260417.csv"
"청계천","서울특별시 중구 무교동 80-1","37.5691015","126.9786692","101-2-000023","묵정공원지하 공영주차장","노외","서울특별시 중구 퇴계로45길 32-12","1958","491","유료","원본","2026-04-17","서울특별시_중구_주차장정보_20260417.csv"
"송도해수욕장","부산광역시 서구 암남동 356-6","35.0754546","129.016761","131-1-000014","암남동제7공영","노상","부산광역시 서구 암남동 537-4","59","28","유료","원본","2026-04-21","부산광역시_서구_주차장정보_20260421.csv"
"송도해수욕장","부산광역시 서구 암남동 356-6","35.0754546","129.016761","131-2-000002","송도공영","노외","부산광역시 서구 암남동 579","213","49","유료","원본","2026-04-21","부산광역시_서구_주차장정보_20260421.csv"
"송도해수욕장","부산광역시 서구 암남동 356-6","35.0754546","129.016761","131-1-000013","암남동제2공영","노상","부산광역시 서구 암남동 135-8","332","31","유료","원본","2026-04-21","부산광역시_서구_주차장정보_20260421.csv"
"송도해수욕장","부산광역시 서구 암남동 356-6","35.0754546","129.016761","131-1-000015","암남동제8공영","노상","부산광역시 서구 암남동 614-5","364","50","유료","원본","2026-04-21","부산광역시_서구_주차장정보_20260421.csv"
"송도해수욕장","부산광역시 서구 암남동 356-6","35.0754546","129.016761","131-1-000012","암남동제1공영","노상","부산광역시 서구 암남동 135-2","548","30","유료","원본","2026-04-21","부산광역시_서구_주차장정보_20260421.csv"
"송도해수욕장","부산광역시 서구 암남동 356-6","35.0754546","129.016761","131-1-000044","암남동제5공영","노상","부산광역시 서구 암남동 123-50","752","33","유료","원본","2026-04-21","부산광역시_서구_주차장정보_20260421.csv"
"송도해수욕장","부산광역시 서구 암남동 356-6","35.0754546","129.016761","131-1-000016","암남동제10공영","노상","부산광역시 서구 암남동 95-13","894","46","유료","원본","2026-04-21","부산광역시_서구_주차장정보_20260421.csv"
"송도해수욕장","부산광역시 서구 암남동 356-6","35.0754546","129.016761","131-1-000025","등대로공영","노상","부산광역시 서구 암남동 123-37","959","49","유료","원본","2026-04-21","부산광역시_서구_주차장정보_20260421.csv"
"송도해수욕장","부산광역시 서구 암남동 356-6","35.0754546","129.016761","131-1-000045","서구 원양로제1공영","노상","부산광역시 서구 암남동 633-2","960","82","유료","원본","2026-04-21","부산광역시_서구_주차장정보_20260421.csv"
"송도해수욕장","부산광역시 서구 암남동 356-6","35.0754546","129.016761","131-1-000046","서구 원양로제2공영","노상","부산광역시 서구 암남동 633-2","960","23","유료","원본","2026-04-21","부산광역시_서구_주차장정보_20260421.csv"
"송도해수욕장","부산광역시 서구 암남동 356-6","35.0754546","129.016761","131-2-000017","천해로공영","노외","부산광역시 서구 남부민동 434-227","960","54","유료","원본","2026-04-21","부산광역시_서구_주차장정보_20260421.csv"
"송도해수욕장","부산광역시 서구 암남동 356-6","35.0754546","129.016761","131-2-000014","남부민2동공영","노외","부산광역시 서구 남부민동 595-2","999","149","유료","원본","2026-04-21","부산광역시_서구_주차장정보_20260421.csv"
"송도해수욕장","부산광역시 서구 암남동 356-6","35.0754546","129.016761","131-2-000020","등대시장공영","노외","부산광역시 서구 남부민동 632-1","1123","44","유료","원본","2026-04-21","부산광역시_서구_주차장정보_20260421.csv"
"송도해수욕장","부산광역시 서구 암남동 356-6","35.0754546","129.016761","131-1-000017","남부민2동제1공영","노상","부산광역시 서구 남부민동 705","1328","13","유료","원본","2026-04-21","부산광역시_서구_주차장정보_20260421.csv"
"송도해수욕장","부산광역시 서구 암남동 356-6","35.0754546","129.016761","131-1-000011","남부민2동제3공영","노상","부산광역시 서구 남부민동 705","1328","14","유료","원본","2026-04-21","부산광역시_서구_주차장정보_20260421.csv"
"송도해수욕장","부산광역시 서구 암남동 356-6","35.0754546","129.016761","131-2-000016","암남공원공영","노외","부산광역시 서구 암남동 620-4","1341","320","유료","원본","2026-04-21","부산광역시_서구_주차장정보_20260421.csv"
"송도해수욕장","부산광역시 서구 암남동 356-6","35.0754546","129.016761","131-1-000047","남항체육공원","노상","부산광역시 서구 남부민동 523-28","1413","52","유료","원본","2026-04-21","부산광역시_서구_주차장정보_20260421.csv"
"송도해수욕장","부산광역시 서구 암남동 356-6","35.0754546","129.016761","131-1-000010","남부민2동제2공영","노상","부산광역시 서구 남부민동 692-2","1481","11","유료","원본","2026-04-21","부산광역시_서구_주차장정보_20260421.csv"
"송도해수욕장","부산광역시 서구 암남동 356-6","35.0754546","129.016761","131-2-000011","해돋이공영","노외","부산광역시 서구 남부민동 50-13","1807","101","유료","원본","2026-04-21","부산광역시_서구_주차장정보_20260421.csv"
"송도해수욕장","부산광역시 서구 암남동 356-6","35.0754546","129.016761","131-1-000009","남부민1동제1공영","노상","부산광역시 서구 남부민동 695-2","1884","14","유료","원본","2026-04-21","부산광역시_서구_주차장정보_20260421.csv"
"송도해수욕장","부산광역시 서구 암남동 356-6","35.0754546","129.016761","131-1-000023","초장동제1공영","노상","부산광역시 서구 초장동 128-28","1956","36","유료","원본","2026-04-21","부산광역시_서구_주차장정보_20260421.csv"
"경복궁","서울특별시 종로구 사직로 161","37.579617","126.977041","100-2-000001","서인사마당","노외","서울특별시 종로구 인사동11길 19 (견지동)","877","40","유료","주소 지오코딩 보완","2026-04-17","서울특별시_종로구_주차장정보_20260417.csv"
"경복궁","서울특별시 종로구 사직로 161","37.579617","126.977041","100-1-000005","광화문빌딩앞","노상","서울특별시 종로구 당주동 40-6","925","16","유료","주소 지오코딩 보완","2026-04-17","서울특별시_종로구_주차장정보_20260417.csv"
"경복궁","서울특별시 종로구 사직로 161","37.579617","126.977041","100-1-000004","원서공원앞","노상","서울특별시 종로구 원서동 181-1","1068","17","유료","주소 지오코딩 보완","2026-04-17","서울특별시_종로구_주차장정보_20260417.csv"
"경복궁","서울특별시 종로구 사직로 161","37.579617","126.977041","100-2-000004","하나로빌딩옆","노외","서울특별시 종로구 종로11길 17-18 (인사동)","1212","11","유료","주소 지오코딩 보완","2026-04-17","서울특별시_종로구_주차장정보_20260417.csv"
"경복궁","서울특별시 종로구 사직로 161","37.579617","126.977041","100-1-000001","낙원상가 밑","노상","서울특별시 종로구 삼일대로 428","1248","10","유료","주소 지오코딩 보완","2026-04-17","서울특별시_종로구_주차장정보_20260417.csv"
"경복궁","서울특별시 종로구 사직로 161","37.579617","126.977041","100-1-000006","종각뒤","노상","서울특별시 종로구 종로8길 5-8","1309","13","유료","주소 지오코딩 보완","2026-04-17","서울특별시_종로구_주차장정보_20260417.csv"
"경복궁","서울특별시 종로구 사직로 161","37.579617","126.977041","100-2-000005","명광교회옆","노외","서울특별시 종로구 성균관로 45 (명륜3가)","1682","8","유료","주소 지오코딩 보완","2026-04-17","서울특별시_종로구_주차장정보_20260417.csv"
"경복궁","서울특별시 종로구 사직로 161","37.579617","126.977041","100-2-000002","신문로","노외","서울특별시 종로구 신문로 1가 58-36","1746","30","유료","주소 지오코딩 보완","2026-04-17","서울특별시_종로구_주차장정보_20260417.csv"
"경복궁","서울특별시 종로구 사직로 161","37.579617","126.977041","100-1-000003","세운상가밑","노상","서울특별시 종로구 청계천로 159 (장사동)","1871","29","유료","주소 지오코딩 보완","2026-04-17","서울특별시_종로구_주차장정보_20260417.csv"
"황리단길","경상북도 경주시 황남동 포석로 일대","35.8376609","129.209724","352-2-000015","포석로공영주차장","노외","경상북도 경주시 포석로 1080","35","14","유료","원본","2026-04-16","경주시시설관리공단_주차장정보_20260416.csv"
"황리단길","경상북도 경주시 황남동 포석로 일대","35.8376609","129.209724","352-2-000081","황남동 생활문화센터 공영주차장","노외","경상북도 경주시 황남동 306-12","277","35","무료","원본","2026-04-16","경상북도_경주시_주차장정보_20260416.csv"
"황리단길","경상북도 경주시 황남동 포석로 일대","35.8376609","129.209724","352-2-000016","황남생활문화센터 공영주차장","노외","경상북도 경주시 첨성로 81번길 23","301","34","유료","원본","2026-04-16","경주시시설관리공단_주차장정보_20260416.csv"
"황리단길","경상북도 경주시 황남동 포석로 일대","35.8376609","129.209724","352-2-000014","봉황대공영주차장","노외","경상북도 경주시 태종로 777","443","95","유료","원본","2026-04-16","경주시시설관리공단_주차장정보_20260416.csv"
"황리단길","경상북도 경주시 황남동 포석로 일대","35.8376609","129.209724","352-1-000008","봉황대옆길","노상","경상북도 경주시 원효로 90","488","14","유료","원본","2026-04-16","경주시시설관리공단_주차장정보_20260416.csv"
"황리단길","경상북도 경주시 황남동 포석로 일대","35.8376609","129.209724","352-1-000026","교동쌈밥","노상","경상북도 경주시 첨성로 77","497","12","유료","원본","2026-04-16","경주시시설관리공단_주차장정보_20260416.csv"
"황리단길","경상북도 경주시 황남동 포석로 일대","35.8376609","129.209724","352-2-000106","황남생활문화센터 공영주차장","노외","경상북도 경주시 황남동 304-12번지","530","35","유료","주소 지오코딩 보완","2026-04-16","경상북도_경주시_주차장정보_20260416.csv"
"황리단길","경상북도 경주시 황남동 포석로 일대","35.8376609","129.209724","352-2-000011","대릉원(황남지구)공영주차장","노외","경상북도 경주시 첨성로 300","592","181","유료","원본","2026-04-16","경주시시설관리공단_주차장정보_20260416.csv"
"황리단길","경상북도 경주시 황남동 포석로 일대","35.8376609","129.209724","352-1-000024","대릉원","노상","경상북도 경주시 첨성로 131","617","20","유료","원본","2026-04-16","경주시시설관리공단_주차장정보_20260416.csv"
"황리단길","경상북도 경주시 황남동 포석로 일대","35.8376609","129.209724","352-2-000007","중심상가공영주차장","노외","경상북도 경주시 원효로 121-1","636","209","유료","원본","2026-04-16","경주시시설관리공단_주차장정보_20260416.csv"
"황리단길","경상북도 경주시 황남동 포석로 일대","35.8376609","129.209724","352-1-000018","시외버스터미널뒷길","노상","경상북도 경주시 태종로685번길 14","639","17","유료","원본","2026-04-16","경주시시설관리공단_주차장정보_20260416.csv"
"황리단길","경상북도 경주시 황남동 포석로 일대","35.8376609","129.209724","352-1-000007","동성로-2(송월타월)","노상","경상북도 경주시 동성로 87","644","22","유료","원본","2026-04-16","경주시시설관리공단_주차장정보_20260416.csv"
"황리단길","경상북도 경주시 황남동 포석로 일대","35.8376609","129.209724","352-2-000105","황리단길 공영주차장","노외","경상북도 경주시 사정동 175-2","645","894","무료","원본","2026-04-16","경상북도_경주시_주차장정보_20260416.csv"
"황리단길","경상북도 경주시 황남동 포석로 일대","35.8376609","129.209724","352-1-000025","삼거리","노상","경상북도 경주시 첨성로 113","649","29","유료","원본","2026-04-16","경주시시설관리공단_주차장정보_20260416.csv"
"황리단길","경상북도 경주시 황남동 포석로 일대","35.8376609","129.209724","352-1-000006","동성로-2(영화약국)","노상","경상북도 경주시 동성로 95","653","14","유료","원본","2026-04-16","경주시시설관리공단_주차장정보_20260416.csv"
"황리단길","경상북도 경주시 황남동 포석로 일대","35.8376609","129.209724","352-2-000009","터미널옆공영주차장","노외","경상북도 경주시 태종로 685번길 9","654","15","유료","원본","2026-04-16","경주시시설관리공단_주차장정보_20260416.csv"
"황리단길","경상북도 경주시 황남동 포석로 일대","35.8376609","129.209724","352-1-000027","경주전동차","노상","경상북도 경주시 교촌길 4","657","24","유료","원본","2026-04-16","경주시시설관리공단_주차장정보_20260416.csv"
"황리단길","경상북도 경주시 황남동 포석로 일대","35.8376609","129.209724","352-2-000001","제1공영주차장","노외","경상북도 경주시 중앙로 47번길 13","689","198","유료","원본","2026-04-16","경주시시설관리공단_주차장정보_20260416.csv"
"황리단길","경상북도 경주시 황남동 포석로 일대","35.8376609","129.209724","352-2-000004","제1공영주차장","노외","경상북도 경주시 중앙로 47번길 13","689","199","유료","원본","2026-04-16","경상북도_경주시_주차장정보_20260416.csv"
"황리단길","경상북도 경주시 황남동 포석로 일대","35.8376609","129.209724","352-1-000017","해장국거리","노상","경상북도 경주시 태종로 812","713","15","유료","원본","2026-04-16","경주시시설관리공단_주차장정보_20260416.csv"
"황리단길","경상북도 경주시 황남동 포석로 일대","35.8376609","129.209724","352-1-000023","첨성대","노상","경상북도 경주시 첨성로 151","732","25","유료","원본","2026-04-16","경주시시설관리공단_주차장정보_20260416.csv"
"황리단길","경상북도 경주시 황남동 포석로 일대","35.8376609","129.209724","352-2-000062","서천둔치 주차장","노외","경상북도 경주시 서악동 1491-1","739","500","무료","원본","2026-04-16","경상북도_경주시_주차장정보_20260416.csv"
"황리단길","경상북도 경주시 황남동 포석로 일대","35.8376609","129.209724","352-2-000012","중앙시장제1공영주차장","노외","경상북도 경주시 금성로 295","750","30","유료","원본","2026-04-16","경주시시설관리공단_주차장정보_20260416.csv"
"황리단길","경상북도 경주시 황남동 포석로 일대","35.8376609","129.209724","352-1-000028","베이글","노상","경상북도 경주시 교촌길 18","771","22","유료","원본","2026-04-16","경주시시설관리공단_주차장정보_20260416.csv"
"황리단길","경상북도 경주시 황남동 포석로 일대","35.8376609","129.209724","352-1-000010","북정로(드림힐, 수정)","노상","경상북도 경주시 북정로 22","772","15","유료","원본","2026-04-16","경주시시설관리공단_주차장정보_20260416.csv"
"황리단길","경상북도 경주시 황남동 포석로 일대","35.8376609","129.209724","352-1-000011","농협중앙회옆","노상","경상북도 경주시 중앙로48번길 9","781","20","유료","원본","2026-04-16","경주시시설관리공단_주차장정보_20260416.csv"
"황리단길","경상북도 경주시 황남동 포석로 일대","35.8376609","129.209724","352-2-000008","성건동공영주차장","노외","경상북도 경주시 원효로 23","789","25","유료","원본","2026-04-16","경주시시설관리공단_주차장정보_20260416.csv"
"황리단길","경상북도 경주시 황남동 포석로 일대","35.8376609","129.209724","352-1-000016","팔우정삼거리","노상","경상북도 경주시 원화로 224","794","12","유료","원본","2026-04-16","경주시시설관리공단_주차장정보_20260416.csv"
"황리단길","경상북도 경주시 황남동 포석로 일대","35.8376609","129.209724","352-2-000018","쪽샘지구임시공영주차장","노외","경상북도 경주시 원화로 189-2","796","496","유료","원본","2026-04-16","경주시시설관리공단_주차장정보_20260416.csv"
"황리단길","경상북도 경주시 황남동 포석로 일대","35.8376609","129.209724","352-2-000002","제2공영주차장","노외","경상북도 경주시 원효로 145-3","803","78","유료","원본","2026-04-16","경주시시설관리공단_주차장정보_20260416.csv"
"황리단길","경상북도 경주시 황남동 포석로 일대","35.8376609","129.209724","352-1-000013","동부소방서옆","노상","경상북도 경주시 중앙로 55","817","10","유료","원본","2026-04-16","경주시시설관리공단_주차장정보_20260416.csv"
"황리단길","경상북도 경주시 황남동 포석로 일대","35.8376609","129.209724","352-2-000013","중앙시장제2공영주차장","노외","경상북도 경주시 화랑로 38번길 9","830","63","유료","원본","2026-04-16","경주시시설관리공단_주차장정보_20260416.csv"
"황리단길","경상북도 경주시 황남동 포석로 일대","35.8376609","129.209724","352-1-000015","법원옆길","노상","경상북도 경주시 봉황로 63-1","842","13","유료","원본","2026-04-16","경주시시설관리공단_주차장정보_20260416.csv"
"황리단길","경상북도 경주시 황남동 포석로 일대","35.8376609","129.209724","352-1-000005","농협동부지점앞길","노상","경상북도 경주시 동성로 144-1","845","17","유료","원본","2026-04-16","경주시시설관리공단_주차장정보_20260416.csv"
"황리단길","경상북도 경주시 황남동 포석로 일대","35.8376609","129.209724","352-1-000003","시민장례식장앞","노상","경상북도 경주시 화랑로 42","857","24","유료","원본","2026-04-16","경주시시설관리공단_주차장정보_20260416.csv"
"황리단길","경상북도 경주시 황남동 포석로 일대","35.8376609","129.209724","352-2-000017","숭문대공영주차장","노외","경상북도 경주시 놋전2길 24-43","858","69","유료","원본","2026-04-16","경주시시설관리공단_주차장정보_20260416.csv"
"황리단길","경상북도 경주시 황남동 포석로 일대","35.8376609","129.209724","352-1-000009","북정로(우체국)","노상","경상북도 경주시 북정로 36","879","20","유료","원본","2026-04-16","경주시시설관리공단_주차장정보_20260416.csv"
"황리단길","경상북도 경주시 황남동 포석로 일대","35.8376609","129.209724","352-1-000029","양지식당","노상","경상북도 경주시 교촌길 30","891","19","유료","원본","2026-04-16","경주시시설관리공단_주차장정보_20260416.csv"
"황리단길","경상북도 경주시 황남동 포석로 일대","35.8376609","129.209724","352-1-000004","현대병원앞","노상","경상북도 경주시 화랑로 37","918","24","유료","원본","2026-04-16","경주시시설관리공단_주차장정보_20260416.csv"
"황리단길","경상북도 경주시 황남동 포석로 일대","35.8376609","129.209724","352-1-000022","핑크뮬리","노상","경상북도 경주시 첨성로 175","939","34","유료","원본","2026-04-16","경주시시설관리공단_주차장정보_20260416.csv"
"황리단길","경상북도 경주시 황남동 포석로 일대","35.8376609","129.209724","352-1-000012","경주문화원앞","노상","경상북도 경주시 중앙로 67-6","989","24","무료","원본","2026-04-16","경주시시설관리공단_주차장정보_20260416.csv"
"황리단길","경상북도 경주시 황남동 포석로 일대","35.8376609","129.209724","352-1-000030","교촌입구","노상","경상북도 경주시 교촌길 39-2","999","10","유료","원본","2026-04-16","경주시시설관리공단_주차장정보_20260416.csv"
"황리단길","경상북도 경주시 황남동 포석로 일대","35.8376609","129.209724","352-1-000014","상공회의소옆","노상","경상북도 경주시 중앙로 77","1039","11","유료","원본","2026-04-16","경주시시설관리공단_주차장정보_20260416.csv"
"황리단길","경상북도 경주시 황남동 포석로 일대","35.8376609","129.209724","352-2-000005","성동시장공영주차장","노외","경상북도 경주시 원화로281번길 11","1045","221","유료","원본","2026-04-16","경주시시설관리공단_주차장정보_20260416.csv"
"황리단길","경상북도 경주시 황남동 포석로 일대","35.8376609","129.209724","352-1-000001","경주읍성앞","노상","경상북도 경주시 동문로 22-1","1051","9","유료","원본","2026-04-16","경주시시설관리공단_주차장정보_20260416.csv"
"황리단길","경상북도 경주시 황남동 포석로 일대","35.8376609","129.209724","352-1-000002","황오동행정복지센터","노상","경상북도 경주시 북성로 128","1179","8","유료","원본","2026-04-16","경주시시설관리공단_주차장정보_20260416.csv"
"황리단길","경상북도 경주시 황남동 포석로 일대","35.8376609","129.209724","352-1-000021","연꽃단지","노상","경상북도 경주시 원화로 119","1408","46","유료","원본","2026-04-16","경주시시설관리공단_주차장정보_20260416.csv"
"황리단길","경상북도 경주시 황남동 포석로 일대","35.8376609","129.209724","352-2-000030","탑동 제2공용주차장","노외","경상북도 경주시 탑동 21","1454","22","무료","원본","2026-04-16","경상북도_경주시_주차장정보_20260416.csv"
"황리단길","경상북도 경주시 황남동 포석로 일대","35.8376609","129.209724","352-2-000101","황오동 4통 공용주차장","노외","경상북도 경주시 성동동 148-5","1529","20","무료","원본","2026-04-16","경상북도_경주시_주차장정보_20260416.csv"
"황리단길","경상북도 경주시 황남동 포석로 일대","35.8376609","129.209724","352-2-000022","탑동제 1공용주차장","노외","경상북도 경주시 탑동 402-1","1786","11","무료","원본","2026-04-16","경상북도_경주시_주차장정보_20260416.csv"
"황리단길","경상북도 경주시 황남동 포석로 일대","35.8376609","129.209724","352-2-000019","국립경주박물관공영주차장","노외","경상북도 경주시 구황동 619","1999","264","유료","원본","2026-04-16","경주시시설관리공단_주차장정보_20260416.csv"
"황리단길","경상북도 경주시 황남동 포석로 일대","35.8376609","129.209724","352-2-000048","성건동 공용(화랑)","노외","경상북도 경주시 성건동 579-1","2000","76","무료","원본","2026-04-16","경상북도_경주시_주차장정보_20260416.csv"
"세종문화회관","서울특별시 종로구 세종대로 175 세종문화회관","37.5725254","126.9756429","100-1-000005","광화문빌딩앞","노상","서울특별시 종로구 당주동 40-6","180","16","유료","주소 지오코딩 보완","2026-04-17","서울특별시_종로구_주차장정보_20260417.csv"
"세종문화회관","서울특별시 종로구 세종대로 175 세종문화회관","37.5725254","126.9756429","100-2-000001","서인사마당","노외","서울특별시 종로구 인사동11길 19 (견지동)","710","40","유료","주소 지오코딩 보완","2026-04-17","서울특별시_종로구_주차장정보_20260417.csv"
"세종문화회관","서울특별시 종로구 세종대로 175 세종문화회관","37.5725254","126.9756429","100-1-000006","종각뒤","노상","서울특별시 종로구 종로8길 5-8","823","13","유료","주소 지오코딩 보완","2026-04-17","서울특별시_종로구_주차장정보_20260417.csv"
"세종문화회관","서울특별시 종로구 세종대로 175 세종문화회관","37.5725254","126.9756429","100-2-000004","하나로빌딩옆","노외","서울특별시 종로구 종로11길 17-18 (인사동)","955","11","유료","주소 지오코딩 보완","2026-04-17","서울특별시_종로구_주차장정보_20260417.csv"
"세종문화회관","서울특별시 종로구 세종대로 175 세종문화회관","37.5725254","126.9756429","100-2-000002","신문로","노외","서울특별시 종로구 신문로 1가 58-36","1050","30","유료","주소 지오코딩 보완","2026-04-17","서울특별시_종로구_주차장정보_20260417.csv"
"세종문화회관","서울특별시 종로구 세종대로 175 세종문화회관","37.5725254","126.9756429","100-1-000001","낙원상가 밑","노상","서울특별시 종로구 삼일대로 428","1056","10","유료","주소 지오코딩 보완","2026-04-17","서울특별시_종로구_주차장정보_20260417.csv"
"세종문화회관","서울특별시 종로구 세종대로 175 세종문화회관","37.5725254","126.9756429","100-1-000004","원서공원앞","노상","서울특별시 종로구 원서동 181-1","1536","17","유료","주소 지오코딩 보완","2026-04-17","서울특별시_종로구_주차장정보_20260417.csv"
"세종문화회관","서울특별시 종로구 세종대로 175 세종문화회관","37.5725254","126.9756429","100-1-000003","세운상가밑","노상","서울특별시 종로구 청계천로 159 (장사동)","1621","29","유료","주소 지오코딩 보완","2026-04-17","서울특별시_종로구_주차장정보_20260417.csv"
"수원시장","경기도 수원시 팔달구 매산로1가 86-8","37.2667603","127.0014613","201-2-000006","수원역환승","노외","경기도 수원시 권선구 세화로 136(서둔동)","265","129","유료","원본","2026-04-16","경기도_수원시_주차장정보_20260416.csv"
"수원시장","경기도 수원시 팔달구 매산로1가 86-8","37.2667603","127.0014613","202-2-000014","고등동","노외","경기도 수원시 팔달구 고등동 317","741","40","유료","원본","2026-04-16","경기도_수원시_주차장정보_20260416.csv"
"수원시장","경기도 수원시 팔달구 매산로1가 86-8","37.2667603","127.0014613","201-2-000008","역세권1지구","노외","경기도 수원시 권선구 서둔동 393","1155","100","유료","원본","2026-04-16","경기도_수원시_주차장정보_20260416.csv"
"수원시장","경기도 수원시 팔달구 매산로1가 86-8","37.2667603","127.0014613","202-2-000013","화서시장공영주차장","노외","경기도 수원시 팔달구 팔달로 119번길 29","1354","159","유료","원본","2026-04-16","경기도_수원시_주차장정보_20260416.csv"
"수원시장","경기도 수원시 팔달구 매산로1가 86-8","37.2667603","127.0014613","202-2-000001","교동공영","노외","경기도 수원시 팔달구 향교로 140","1423","243","유료","원본","2026-04-16","경기도_수원시_주차장정보_20260416.csv"
"수원시장","경기도 수원시 팔달구 매산로1가 86-8","37.2667603","127.0014613","201-2-000002","권선지하공영","노외","경기도 수원시 권선구 세지로82번길 15-3","1757","66","유료","원본","2026-04-16","경기도_수원시_주차장정보_20260416.csv"
"행리단길","경기도 수원시 팔달구 장안동 290-2","37.2853077","127.0127544","202-2-000011","장안동공영","노외","경기도 수원시 팔달구 장안동 51","199","163","유료","원본","2026-04-16","경기도_수원시_주차장정보_20260416.csv"
"행리단길","경기도 수원시 팔달구 장안동 290-2","37.2853077","127.0127544","202-3-000001","선경도서관","부설","경기도 수원시 팔달구 신풍로23번길 68(신풍동)","261","73","유료","원본","2026-04-16","경기도_수원시_주차장정보_20260416.csv"
"행리단길","경기도 수원시 팔달구 장안동 290-2","37.2853077","127.0127544","202-3-000005","화성박물관,팔달구청","부설","경기도 수원시 팔달구 창룡대로 23","712","340","유료","원본","2026-04-16","경기도_수원시_주차장정보_20260416.csv"
"행리단길","경기도 수원시 팔달구 장안동 290-2","37.2853077","127.0127544","202-2-000003","남수동","노외","경기도 수원시 팔달구 창룡대로26번길 19","767","63","유료","원본","2026-04-16","경기도_수원시_주차장정보_20260416.csv"
"행리단길","경기도 수원시 팔달구 장안동 290-2","37.2853077","127.0127544","202-2-000013","화서시장공영주차장","노외","경기도 수원시 팔달구 팔달로 119번길 29","1176","159","유료","원본","2026-04-16","경기도_수원시_주차장정보_20260416.csv"
"행리단길","경기도 수원시 팔달구 장안동 290-2","37.2853077","127.0127544","202-2-000001","교동공영","노외","경기도 수원시 팔달구 향교로 140","1364","243","유료","원본","2026-04-16","경기도_수원시_주차장정보_20260416.csv"
"행리단길","경기도 수원시 팔달구 장안동 290-2","37.2853077","127.0127544","202-2-000008","창룡공영","노외","경기도 수원시 팔달구 월드컵로 381번길 2","1506","87","유료","원본","2026-04-16","경기도_수원시_주차장정보_20260416.csv"
"행리단길","경기도 수원시 팔달구 장안동 290-2","37.2853077","127.0127544","202-2-000014","고등동","노외","경기도 수원시 팔달구 고등동 317","1654","40","유료","원본","2026-04-16","경기도_수원시_주차장정보_20260416.csv"
"행리단길","경기도 수원시 팔달구 장안동 290-2","37.2853077","127.0127544","202-2-000005","우만공원공영","노외","경기도 수원시 팔달구 세지로 436","1723","119","유료","원본","2026-04-16","경기도_수원시_주차장정보_20260416.csv"
"행리단길","경기도 수원시 팔달구 장안동 290-2","37.2853077","127.0127544","202-2-000007","인계동주택","노외","경기도 수원시 팔달구 인계동821-4","1795","80","유료","원본","2026-04-16","경기도_수원시_주차장정보_20260416.csv"
"행리단길","경기도 수원시 팔달구 장안동 290-2","37.2853077","127.0127544","200-2-000004","만석공원 제2","노외","경기도 수원시 장안구 송정로 9","1821","61","유료","원본","2026-04-16","경기도_수원시_주차장정보_20260416.csv"
"행리단길","경기도 수원시 팔달구 장안동 290-2","37.2853077","127.0127544","200-2-000003","만석공원 제1","노외","경기도 수원시 장안구 송정로 9","1821","76","유료","원본","2026-04-16","경기도_수원시_주차장정보_20260416.csv"
"행리단길","경기도 수원시 팔달구 장안동 290-2","37.2853077","127.0127544","200-2-000005","만석공원 제3","노외","경기도 수원시 장안구 송정로 9","1821","50","유료","원본","2026-04-16","경기도_수원시_주차장정보_20260416.csv"
"행리단길","경기도 수원시 팔달구 장안동 290-2","37.2853077","127.0127544","200-2-000006","만석공원 제4","노외","경기도 수원시 장안구 송정로 9","1821","43","유료","원본","2026-04-16","경기도_수원시_주차장정보_20260416.csv"
"행리단길","경기도 수원시 팔달구 장안동 290-2","37.2853077","127.0127544","200-2-000002","만석공원 제5","노외","경기도 수원시 장안구 송정로 9","1821","104","유료","원본","2026-04-16","경기도_수원시_주차장정보_20260416.csv"
"행리단길","경기도 수원시 팔달구 장안동 290-2","37.2853077","127.0127544","202-2-000006","인계공영","노외","경기도 수원시 팔달구 장다리로 306번길 24","1991","56","유료","원본","2026-04-16","경기도_수원시_주차장정보_20260416.csv"
