No.,장소명,지역명,점포명,카테고리,주소,카테고리,,
1,여의도한강공원,영등포구,문래창작촌,문화거리,서울 영등포구 문래동3가,체험관광,,
2,여의도한강공원,영등포구,서울크루즈,"유람선,관광선",서울 영등포구 여의도동,체험관광,,
3,여의도한강공원,영등포구,여의도 이크루즈,"유람선,관광선",서울 영등포구 여의도동,체험관광,,
4,여의도한강공원,영등포구,여의도물빛광장,광장,서울 영등포구 여의도동,체험관광,,
5,여의도한강공원,영등포구,대림동차이나타운,먹자거리,서울 영등포구 대림동,체험관광,,
6,여의도한강공원,영등포구,윤중로벚꽃길,"거리,골목",서울 영등포구 여의도동,체험관광,,
7,여의도한강공원,영등포구,국회의사당잔디마당,광장,서울 영등포구 여의도동,체험관광,,
8,여의도한강공원,영등포구,가을단풍길(안양천산책로),계절거리,서울 영등포구 양평동,체험관광,,
9,여의도한강공원,영등포구,가을단풍길(여의나루로),계절거리,서울 영등포구 여의도동,체험관광,,
10,여의도한강공원,영등포구,가을단풍길(윤중로),계절거리,서울 영등포구 여의도동,체험관광,,
11,여의도한강공원,영등포구,신길벚꽃거리,계절거리,서울 영등포구 신길동,체험관광,,
12,여의도한강공원,영등포구,베틀한복 영등포점,한복대여,서울 영등포구 양평동5가,체험관광,,
13,여의도한강공원,영등포구,윤슬한복 by M-up,한복대여,서울 영등포구 당산동3가,체험관광,,
14,여의도한강공원,영등포구,더날한복 영등포,한복대여,서울 영등포구 당산동3가,체험관광,,
15,여의도한강공원,영등포구,한복나빛,한복대여,서울 영등포구 영등포동6가,체험관광,,
16,여의도한강공원,영등포구,예다움한복,한복대여,서울 영등포구 문래동3가,체험관광,,
17,여의도한강공원,영등포구,여의도한강공원자전거대여소,자전거,서울 영등포구 여의도동,체험관광,,
18,여의도한강공원,영등포구,유수한복,한복대여,서울 영등포구 문래동3가,체험관광,,
19,여의도한강공원,영등포구,당산동성당,천주교,서울 영등포구 당산동3가,체험관광,,
20,여의도한강공원,영등포구,서복희우리옷,한복대여,서울 영등포구 도림동,체험관광,,
21,여의도한강공원,영등포구,대방동성당,천주교,서울 영등포구 신길동,체험관광,,
22,여의도한강공원,영등포구,천주교서울대교구문래동성당,천주교,서울 영등포구 문래동3가,체험관광,,
23,여의도한강공원,영등포구,천주교도림동성당,천주교,서울 영등포구 도림동,체험관광,,
24,여의도한강공원,영등포구,천주교여의도성당,천주교,서울 영등포구 여의도동,체험관광,,
25,여의도한강공원,영등포구,마포한강공원자전거대여소,자전거,서울 영등포구 여의도동,체험관광,,
26,여의도한강공원,영등포구,양화한강공원자전거대여소,자전거,서울 영등포구 당산동,체험관광,,
27,여의도한강공원,영등포구,영등포구청자전거대여소,자전거,서울 영등포구 당산동3가,체험관광,,
28,여의도한강공원,영등포구,선일주단,한복대여,서울 영등포구 영등포동5가,체험관광,,
29,여의도한강공원,영등포구,주렁주렁 동물원 영등포점,동물원,서울 영등포구 영등포동4가,아이와함께,,
30,여의도한강공원,영등포구,OPCI 영등포 타임스퀘어점,"관람,체험",서울 영등포구 영등포동4가,아이와함께,,
31,여의도한강공원,영등포구,서울달,"관람,체험",서울 영등포구 여의도동,아이와함께,,
32,여의도한강공원,영등포구,독도체험관,"관람,체험",서울 영등포구 영등포동4가,아이와함께,,
33,여의도한강공원,영등포구,국회박물관어린이박물관,박물관,서울 영등포구 여의도동,아이와함께,,
34,여의도한강공원,영등포구,YDP 곤충체험학습관,박물관,서울 영등포구 당산동3가,아이와함께,,
35,여의도한강공원,영등포구,만천곤충박물관,박물관,서울 영등포구 영등포동6가,아이와함께,,
36,여의도한강공원,영등포구,튠현대백화점더현대서울점,"관람,체험",서울 영등포구 여의도동,아이와함께,,
37,여의도한강공원,영등포구,영등포공원 유아숲체험원,"관람,체험",서울 영등포구 영등포동,아이와함께,,
38,여의도한강공원,영등포구,뽀로로파크 롯데마트맥스 영등포점,"키즈카페,실내놀이터",서울 영등포구 영등포동8가,아이와함께,,
39,여의도한강공원,영등포구,여의도한강공원자전거대여소,자전거,서울 영등포구 여의도동,아이와함께,,
40,여의도한강공원,영등포구,헬로밀가루 영등포점,"키즈카페,실내놀이터",서울 영등포구 문래동3가,아이와함께,,
41,여의도한강공원,영등포구,챔피언더블랙벨트 타임스퀘어 영등포점,"키즈카페,실내놀이터",서울 영등포구 영등포동4가,아이와함께,,
42,여의도한강공원,영등포구,국회도서관,도서관,서울 영등포구 여의도동,아이와함께,,
43,여의도한강공원,영등포구,한강텐트대여 별빛텐트 여의도본점,"오락,레저용품",서울 영등포구 여의도동,아이와함께,,
44,여의도한강공원,영등포구,꽃그리는아이 문래점,"키즈카페,실내놀이터",서울 영등포구 문래동3가,아이와함께,,
45,여의도한강공원,영등포구,무키무키 영등포점,"키즈카페,실내놀이터",서울 영등포구 신길동,아이와함께,,
46,여의도한강공원,영등포구,선유도서관,도서관,서울 영등포구 양평동3가,아이와함께,,
47,여의도한강공원,영등포구,문래도서관,도서관,서울 영등포구 문래동3가,아이와함께,,
48,여의도한강공원,영등포구,서울특별시교육청 영등포평생학습관,도서관,서울 영등포구 당산동,아이와함께,,
49,여의도한강공원,영등포구,여의샛강도서관,도서관,서울 영등포구 여의도동,아이와함께,,
50,여의도한강공원,영등포구,리틀마운틴 롯데백화점 영등포점,"키즈카페,실내놀이터",서울 영등포구 영등포동,아이와함께,,
51,여의도한강공원,영등포구,엘스키즈 당산점,"키즈카페,실내놀이터",서울 영등포구 당산동3가,아이와함께,,
52,여의도한강공원,영등포구,서울형키즈카페 영등포구대림2동점,"키즈카페,실내놀이터",서울 영등포구 대림동,아이와함께,,
53,여의도한강공원,영등포구,신길도서관,도서관,서울 영등포구 신길동,아이와함께,,
54,여의도한강공원,영등포구,한강텐트대여 고킥보드자전거피크닉텐트 여의도,"오락,레저용품",서울 영등포구 여의도동,아이와함께,,
55,여의도한강공원,영등포구,대림도서관,도서관,서울 영등포구 대림동,아이와함께,,
56,여의도한강공원,영등포구,한강텐트대여 써니텐트 여의도점,"오락,레저용품",서울 영등포구 여의도동,아이와함께,,
57,여의도한강공원,영등포구,한강텐트대여 데이피크닉 여의도점,"오락,레저용품",서울 영등포구 여의도동,아이와함께,,
58,여의도한강공원,영등포구,영등포 생각공장 도서관,도서관,서울 영등포구 당산동1가,아이와함께,,
59,여의도한강공원,영등포구,레인보우스타 영등포홈플러스점,"키즈카페,실내놀이터",서울 영등포구 문래동3가,아이와함께,,
60,여의도한강공원,영등포구,한강텐트대여 갑자기피크닉 여의도,"오락,레저용품",서울 영등포구 여의도동,아이와함께,,
61,여의도한강공원,영등포구,프로맘킨더 타임스퀘어점,"키즈카페,실내놀이터",서울 영등포구 영등포동4가,아이와함께,,
62,여의도한강공원,영등포구,엘스키즈 여의도점,"키즈카페,실내놀이터",서울 영등포구 여의도동,아이와함께,,
63,여의도한강공원,영등포구,원지공원도서관,도서관,서울 영등포구 대림동,아이와함께,,
64,여의도한강공원,영등포구,밤동산작은도서관,도서관,서울 영등포구 신길동,아이와함께,,
65,여의도한강공원,영등포구,한강텐트대여 하루텐트 여의도본점,"오락,레저용품",서울 영등포구 여의도동,아이와함께,,
66,여의도한강공원,영등포구,영등포종합사회복지관 장난감도서관,어린이도서관,서울 영등포구 신길동,아이와함께,,
67,여의도한강공원,영등포구,꼬미무인키즈룸,"키즈카페,실내놀이터",서울 영등포구 문래동6가,아이와함께,,
68,여의도한강공원,영등포구,조롱박작은도서관,도서관,서울 영등포구 대림동,아이와함께,,
69,여의도한강공원,영등포구,상상블럭 홈플러스 영등포점,"키즈카페,실내놀이터",서울 영등포구 문래동3가,아이와함께,,
70,여의도한강공원,영등포구,키디키즈룸 영등포당산점,"키즈카페,실내놀이터",서울 영등포구 영등포동7가,아이와함께,,
71,여의도한강공원,영등포구,한강텐트대여 피크닉109 선유도점,"오락,레저용품",서울 영등포구 양평동5가,아이와함께,,
72,여의도한강공원,영등포구,마포한강공원자전거대여소,자전거,서울 영등포구 여의도동,아이와함께,,
73,여의도한강공원,영등포구,언니네작은도서관,도서관,서울 영등포구 대림동,아이와함께,,
74,여의도한강공원,영등포구,한강텐트대여 노블피크닉 여의도 물빛광장,"오락,레저용품",서울 영등포구 여의도동,아이와함께,,
75,여의도한강공원,영등포구,신길7동 마음서랍 작은도서관,도서관,서울 영등포구 신길동,아이와함께,,
76,여의도한강공원,영등포구,상상블럭 롯데마트양평점,"키즈카페,실내놀이터",서울 영등포구 양평동3가,아이와함께,,
77,여의도한강공원,영등포구,한강텐트대여 테이블뷰 여의도점,"오락,레저용품",서울 영등포구 여의도동,아이와함께,,
78,여의도한강공원,영등포구,한강텐트대여 스마일피크닉 여의도,"오락,레저용품",서울 영등포구 여의도동,아이와함께,,
79,여의도한강공원,영등포구,양화한강공원자전거대여소,자전거,서울 영등포구 당산동,아이와함께,,
80,여의도한강공원,영등포구,영등포구청자전거대여소,자전거,서울 영등포구 당산동3가,아이와함께,,
81,여의도한강공원,영등포구,늘샘드리 작은도서관,도서관,서울 영등포구 도림동,아이와함께,,
82,여의도한강공원,영등포구,여의도 한강공원,시민공원,서울 영등포구 여의도동,아이와함께,,
83,여의도한강공원,영등포구,여의도공원,근린공원,서울 영등포구 여의도동,피크닉,,
84,여의도한강공원,영등포구,선유도공원,근린공원,서울 영등포구 당산동,피크닉,,
85,여의도한강공원,영등포구,문래근린공원,근린공원,서울 영등포구 문래동3가,피크닉,,
86,여의도한강공원,영등포구,양화 한강공원,시민공원,서울 영등포구 양화동,피크닉,,
87,여의도한강공원,영등포구,앙카라공원,근린공원,서울 영등포구 여의도동,피크닉,,
88,여의도한강공원,영등포구,영등포공원,"도시,테마공원",서울 영등포구 영등포동,피크닉,,
89,여의도한강공원,영등포구,여의도 샛강생태공원,"자연,생태공원",서울 영등포구 여의도동,피크닉,,
90,여의도한강공원,영등포구,양평누리체육공원,"도시,테마공원",서울 영등포구 양화동,피크닉,,
91,여의도한강공원,영등포구,문래동꽃밭정원,근린공원,서울 영등포구 문래동3가,피크닉,,
92,여의도한강공원,영등포구,당산공원,근린공원,서울 영등포구 당산동3가,피크닉,,
93,여의도한강공원,영등포구,신길근린공원,근린공원,서울 영등포구 신길동,피크닉,,
94,여의도한강공원,영등포구,양평유수지생태공원,"자연,생태공원",서울 영등포구 양평동3가,피크닉,,
95,여의도한강공원,영등포구,메낙골근린공원,근린공원,서울 영등포구 신길동,피크닉,,
96,여의도한강공원,영등포구,원지공원,근린공원,서울 영등포구 대림동,피크닉,,
97,여의도한강공원,영등포구,여의도이용숲,근린공원,서울 영등포구 여의도동,피크닉,,
98,여의도한강공원,영등포구,소녀시대숲,근린공원,서울 영등포구 여의도동,피크닉,,
99,여의도한강공원,영등포구,영등포생태공원,"자연,생태공원",서울 영등포구 대림동,피크닉,,
100,여의도한강공원,영등포구,신길바라기공원,근린공원,서울 영등포구 도림동,피크닉,,
101,여의도한강공원,영등포구,여의도한강공원자전거대여소,자전거,서울 영등포구 여의도동,피크닉,,
102,여의도한강공원,영등포구,한강텐트대여 별빛텐트 여의도본점,"오락,레저용품",서울 영등포구 여의도동,피크닉,,
103,여의도한강공원,영등포구,한강텐트대여 고킥보드자전거피크닉텐트 여의도,"오락,레저용품",서울 영등포구 여의도동,피크닉,,
104,여의도한강공원,영등포구,한강텐트대여 써니텐트 여의도점,"오락,레저용품",서울 영등포구 여의도동,피크닉,,
105,여의도한강공원,영등포구,한강텐트대여 데이피크닉 여의도점,"오락,레저용품",서울 영등포구 여의도동,피크닉,,
106,여의도한강공원,영등포구,한강텐트대여 갑자기피크닉 여의도,"오락,레저용품",서울 영등포구 여의도동,피크닉,,
107,여의도한강공원,영등포구,한강텐트대여 하루텐트 여의도본점,"오락,레저용품",서울 영등포구 여의도동,피크닉,,
108,여의도한강공원,영등포구,한강텐트대여 피크닉109 선유도점,"오락,레저용품",서울 영등포구 양평동5가,피크닉,,
109,여의도한강공원,영등포구,마포한강공원자전거대여소,자전거,서울 영등포구 여의도동,피크닉,,
110,여의도한강공원,영등포구,한강텐트대여 노블피크닉 여의도 물빛광장,"오락,레저용품",서울 영등포구 여의도동,피크닉,,
111,여의도한강공원,영등포구,한강텐트대여 테이블뷰 여의도점,"오락,레저용품",서울 영등포구 여의도동,피크닉,,
112,여의도한강공원,영등포구,한강텐트대여 스마일피크닉 여의도,"오락,레저용품",서울 영등포구 여의도동,피크닉,,
113,여의도한강공원,영등포구,양화한강공원자전거대여소,자전거,서울 영등포구 당산동,피크닉,,
114,여의도한강공원,영등포구,영등포구청자전거대여소,자전거,서울 영등포구 당산동3가,피크닉,,
115,여의도한강공원,영등포구,문화공원,공원,서울 영등포구 당산동4가,피크닉,,
116,여의도한강공원,영등포구,시범아파트평화어린이공원,공원,서울 영등포구 여의도동,피크닉,,
117,충주호,충주시,비내섬,섬,충북 충주시 앙성면,자연명소,,
118,충주호,충주시,계명산,산,충북 충주시 종민동,자연명소,,
119,충주호,충주시,충주호,"호수,연못,저수지",충북 충주시 동량면,자연명소,,
120,충주호,충주시,충주시민의숲,"숲,숲길",충북 충주시 호암동,자연명소,,
121,충주호,충주시,남산,산,충북 충주시 직동,자연명소,,
122,충주호,충주시,수룡폭포,폭포,충북 충주시 노은면,자연명소,,
123,충주호,충주시,엄정 목계나루 유채꽃밭,자연명소,충북 충주시 엄정면,자연명소,,
124,충주호,충주시,심항산,산,충북 충주시 종민동,자연명소,,
125,충주호,충주시,천등산,산,충북 충주시 산척면,자연명소,,
126,충주호,충주시,대림산,산,충북 충주시 직동,자연명소,,
127,충주호,충주시,주봉산,산,충북 충주시 동량면,자연명소,,
128,충주호,충주시,수주팔봉,"봉우리,고지",충북 충주시 살미면,자연명소,,
129,충주호,충주시,악어봉,"봉우리,고지",충북 충주시 살미면,자연명소,,
130,충주호,충주시,호암지,"저수지,제",충북 충주시 호암동,자연명소,,
131,충주호,충주시,화곡저수지,"저수지,제",충북 충주시 주덕읍,자연명소,,
132,충주호,충주시,중산저수지,"저수지,제",충북 충주시 수안보면,자연명소,,
133,충주호,충주시,고봉,"봉우리,고지",충북 충주시 동량면,자연명소,,
134,충주호,충주시,추평저수지,"저수지,제",충북 충주시 엄정면,자연명소,,
135,충주호,충주시,호암지,"저수지,제",충북 충주시 호암동,자연명소,,
136,충주호,충주시,신덕저수지,"저수지,제",충북 충주시 신니면,자연명소,,
137,충주호,충주시,송강저수지,"저수지,제",충북 충주시 산척면,자연명소,,
138,충주호,충주시,아론딸기,체험여행,충북 충주시 금가면,체험관광,,
139,충주호,충주시,깊은산속옹달샘,체험여행,충북 충주시 노은면,체험관광,,
140,충주호,충주시,슬로우파머,체험여행,충북 충주시 수안보면,체험관광,,
141,충주호,충주시,새봄농원,체험여행,충북 충주시 수안보면,체험관광,,
142,충주호,충주시,충주댐 벚꽃길,"관람,체험",충북 충주시 동량면,체험관광,,
143,충주호,충주시,긴들체험마을,체험마을,충북 충주시 신니면,체험관광,,
144,충주호,충주시,탄금호무지개길,지역명소,충북 충주시 중앙탑면,체험관광,,
145,충주호,충주시,충주호크루즈,"유람선,관광선",충북 충주시 동량면,체험관광,,
146,충주호,충주시,강배체험관,체험여행,충북 충주시 엄정면,체험관광,,
147,충주호,충주시,월악산국립공원자연학습탐방로,"관람,체험",충북 충주시 수안보면,체험관광,,
148,충주호,충주시,석종사,"절,사찰",충북 충주시 직동,체험관광,,
149,충주호,충주시,진농원,체험여행,충북 충주시 주덕읍,체험관광,,
150,충주호,충주시,사과나무이야기길,문화거리,충북 충주시 지현동,체험관광,,
151,충주호,충주시,충주도자기마을,"거리,골목",충북 충주시 엄정면,체험관광,,
152,충주호,충주시,충주재오개하니마을,체험마을,충북 충주시 살미면,체험관광,,
153,충주호,충주시,더청담,한복대여,충북 충주시 금릉동,체험관광,,
154,충주호,충주시,중앙탑의상실,한복대여,충북 충주시 중앙탑면,체험관광,,
155,충주호,충주시,중앙탑자전거,자전거,충북 충주시 중앙탑면,체험관광,,
156,충주호,충주시,봉은사,"절,사찰",충북 충주시 소태면,체험관광,,
157,충주호,충주시,미륵사,"절,사찰",충북 충주시 수안보면,체험관광,,
158,충주호,충주시,창룡사,"절,사찰",충북 충주시 직동,체험관광,,
159,충주호,충주시,천주교 수안보성당,천주교,충북 충주시 수안보면,체험관광,,
160,충주호,충주시,단호사,"절,사찰",충북 충주시 단월동,체험관광,,
161,충주호,충주시,대흥사,"절,사찰",충북 충주시 칠금동,체험관광,,
162,충주호,충주시,미륵세계사,"절,사찰",충북 충주시 수안보면,체험관광,,
163,충주호,충주시,대원사,"절,사찰",충북 충주시 지현동,체험관광,,
164,충주호,충주시,봉학사,"절,사찰",충북 충주시 중앙탑면,체험관광,,
165,충주호,충주시,엄정성라우렌시오성당,천주교,충북 충주시 엄정면,체험관광,,
166,충주호,충주시,백운암,"절,사찰",충북 충주시 엄정면,체험관광,,
167,충주호,충주시,고불선원,"절,사찰",충북 충주시 신니면,체험관광,,
168,충주호,충주시,용화사,"절,사찰",충북 충주시 주덕읍,체험관광,,
169,충주호,충주시,탄금대,"문화,유적",충북 충주시 칠금동,문화유적,,
170,충주호,충주시,충주미륵대원지,"문화,유적",충북 충주시 수안보면,문화유적,,
171,충주호,충주시,중원고구려비,국보,충북 충주시 중앙탑면,문화유적,,
172,충주호,충주시,충주탑평리칠층석탑,국보,충북 충주시 중앙탑면,문화유적,,
173,충주호,충주시,장미산성,국가유산,충북 충주시 중앙탑면,문화유적,,
174,충주호,충주시,임충민공충렬사,국가유산,충북 충주시 단월동,문화유적,,
175,충주호,충주시,충주향교,"문화,유적",충북 충주시 교현동,문화유적,,
176,충주호,충주시,청룡사지,"유적지,사적지",충북 충주시 소태면,문화유적,,
177,충주호,충주시,모현정,"문화,유적",충북 충주시 금가면,문화유적,,
178,충주호,충주시,충주루암리고분군,"릉,묘,총",충북 충주시 중앙탑면,문화유적,,
179,충주호,충주시,중원봉황리마애불상군,국가유산,충북 충주시 중앙탑면,문화유적,,
180,충주호,충주시,단군전,"문화,유적",충북 충주시 주덕읍,문화유적,,
181,충주호,충주시,하강서원,국가유산,충북 충주시 금가면,문화유적,,
182,충주호,충주시,충주청룡사지보각국사탑,기념물,충북 충주시 소태면,문화유적,,
183,충주호,충주시,미륵리석불입상,보물,충북 충주시 수안보면,문화유적,,
184,충주호,충주시,동락전승비,기념물,충북 충주시 신니면,문화유적,,
185,충주호,충주시,충주원평리삼층석탑,기념물,충북 충주시 신니면,문화유적,,
186,충주호,충주시,명성황후피난지,국가유산,충북 충주시 노은면,문화유적,,
187,충주호,충주시,충주 김생사지,"유적지,사적지",충북 충주시 금가면,문화유적,,
188,충주호,충주시,창동리마애불상,기념물,충북 충주시 중앙탑면,문화유적,,
189,충주호,충주시,구충주역 급수탑,기념물,충북 충주시 봉방동,문화유적,,
190,충주호,충주시,중원창동오층석탑,기념물,충북 충주시 중앙탑면,문화유적,,
191,충주호,충주시,단호사삼층석탑,기념물,충북 충주시 단월동,문화유적,,
192,충주호,충주시,충주정토사지법경대사탑비,기념물,충북 충주시 동량면,문화유적,,
193,충주호,충주시,중원창동마애불,국가유산,충북 충주시 중앙탑면,문화유적,,
194,충주호,충주시,충주누암리고분군,국가유산,충북 충주시 중앙탑면,문화유적,,
195,충주호,충주시,충무공이수일장군신도비,기념물,충북 충주시 금가면,문화유적,,
196,충주호,충주시,아론딸기,체험여행,충북 충주시 금가면,아이와함께,,
197,충주호,충주시,깊은산속옹달샘,체험여행,충북 충주시 노은면,아이와함께,,
198,충주호,충주시,슬로우파머,체험여행,충북 충주시 수안보면,아이와함께,,
199,충주호,충주시,새봄농원,체험여행,충북 충주시 수안보면,아이와함께,,
200,충주호,충주시,충주댐 벚꽃길,"관람,체험",충북 충주시 동량면,아이와함께,,
201,충주호,충주시,긴들체험마을,체험마을,충북 충주시 신니면,아이와함께,,
202,충주호,충주시,탄금호무지개길,지역명소,충북 충주시 중앙탑면,아이와함께,,
203,충주호,충주시,충주호크루즈,"유람선,관광선",충북 충주시 동량면,아이와함께,,
204,충주호,충주시,강배체험관,체험여행,충북 충주시 엄정면,아이와함께,,
205,충주호,충주시,월악산국립공원자연학습탐방로,"관람,체험",충북 충주시 수안보면,아이와함께,,
206,충주호,충주시,석종사,"절,사찰",충북 충주시 직동,아이와함께,,
207,충주호,충주시,진농원,체험여행,충북 충주시 주덕읍,아이와함께,,
208,충주호,충주시,사과나무이야기길,문화거리,충북 충주시 지현동,아이와함께,,
209,충주호,충주시,충주도자기마을,"거리,골목",충북 충주시 엄정면,아이와함께,,
210,충주호,충주시,충주재오개하니마을,체험마을,충북 충주시 살미면,아이와함께,,
211,충주호,충주시,더청담,한복대여,충북 충주시 금릉동,아이와함께,,
212,충주호,충주시,중앙탑의상실,한복대여,충북 충주시 중앙탑면,아이와함께,,
213,충주호,충주시,중앙탑자전거,자전거,충북 충주시 중앙탑면,아이와함께,,
214,충주호,충주시,봉은사,"절,사찰",충북 충주시 소태면,아이와함께,,
215,충주호,충주시,미륵사,"절,사찰",충북 충주시 수안보면,아이와함께,,
216,충주호,충주시,창룡사,"절,사찰",충북 충주시 직동,아이와함께,,
217,충주호,충주시,천주교 수안보성당,천주교,충북 충주시 수안보면,아이와함께,,
218,충주호,충주시,단호사,"절,사찰",충북 충주시 단월동,아이와함께,,
219,충주호,충주시,대흥사,"절,사찰",충북 충주시 칠금동,아이와함께,,
220,충주호,충주시,미륵세계사,"절,사찰",충북 충주시 수안보면,아이와함께,,
221,충주호,충주시,대원사,"절,사찰",충북 충주시 지현동,아이와함께,,
222,충주호,충주시,봉학사,"절,사찰",충북 충주시 중앙탑면,아이와함께,,
223,충주호,충주시,엄정성라우렌시오성당,천주교,충북 충주시 엄정면,아이와함께,,
224,충주호,충주시,백운암,"절,사찰",충북 충주시 엄정면,아이와함께,,
225,충주호,충주시,고불선원,"절,사찰",충북 충주시 신니면,아이와함께,,
226,충주호,충주시,용화사,"절,사찰",충북 충주시 주덕읍,아이와함께,,
227,충주호,충주시,계명산자연휴양림,"휴양림,산림욕장",충북 충주시 종민동,피크닉,,
228,충주호,충주시,봉황자연휴양림,"휴양림,산림욕장",충북 충주시 중앙탑면,피크닉,,
229,충주호,충주시,문성자연휴양림,"휴양림,산림욕장",충북 충주시 노은면,피크닉,,
230,충주호,충주시,중앙탑사적공원,"도시,테마공원",충북 충주시 중앙탑면,피크닉,,
231,충주호,충주시,우림정원,"식물원,수목원",충북 충주시 엄정면,피크닉,,
232,충주호,충주시,호암지생태공원,"자연,생태공원",충북 충주시 호암동,피크닉,,
233,충주호,충주시,충주탄금공원,테마공원,충북 충주시 금릉동,피크닉,,
234,충주호,충주시,관아공원,"도시,테마공원",충북 충주시 성내동,피크닉,,
235,충주호,충주시,수안보물탕공원,근린공원,충북 충주시 수안보면,피크닉,,
236,충주호,충주시,삼탄유원지,유원지,충북 충주시 산척면,피크닉,,
237,충주호,충주시,나무숲놀이터,자연공원,충북 충주시 금릉동,피크닉,,
238,충주호,충주시,연수자연마당,자연공원,충북 충주시 연수동,피크닉,,
239,충주호,충주시,대가미체육공원,"도시,테마공원",충북 충주시 교현동,피크닉,,
240,충주호,충주시,달숯정원,테마공원,충북 충주시 금가면,피크닉,,
241,충주호,충주시,드림 숲,자연공원,충북 충주시 동량면,피크닉,,
242,충주호,충주시,용교생태공원,"자연,생태공원",충북 충주시 동량면,피크닉,,
243,충주호,충주시,심항산해맞이도시숲,근린공원,충북 충주시 종민동,피크닉,,
244,충주호,충주시,앙성온천광장,근린공원,충북 충주시 앙성면,피크닉,,
245,충주호,충주시,금릉소공원,"도시,테마공원",충북 충주시 칠금동,피크닉,,
246,충주호,충주시,금곡소류지,"자연,생태공원",충북 충주시 연수동,피크닉,,
247,충주호,충주시,조산공원,"도시,테마공원",충북 충주시 수안보면,피크닉,,
248,충주호,충주시,조동근린공원,근린공원,충북 충주시 동량면,피크닉,,
249,충주호,충주시,남양공원,근린공원,충북 충주시 연수동,피크닉,,
250,충주호,충주시,능암늪지생태공원,"자연,생태공원",충북 충주시 금릉동,피크닉,,
251,충주호,충주시,연꽃공원,자연공원,충북 충주시 봉방동,피크닉,,
252,충주호,충주시,물레방아공원,근린공원,충북 충주시 동량면,피크닉,,
253,충주호,충주시,수룡산림욕장,"휴양림,산림욕장",충북 충주시 노은면,피크닉,,
254,충주호,충주시,중원체육공원,"도시,테마공원",충북 충주시 중앙탑면,피크닉,,
255,충주호,충주시,모시래어린이놀이터,공원,충북 충주시 달천동,피크닉,,
256,충주호,충주시,중앙탑자전거,자전거,충북 충주시 중앙탑면,피크닉,,
257,청계천,중구,서울광장,광장,서울 중구 을지로1가,체험관광,,
258,청계천,중구,청계광장,광장,서울 중구 태평로1가,체험관광,,
259,청계천,중구,명동거리,"거리,골목",서울 중구 명동2가,체험관광,,
260,청계천,중구,신당동떡볶이타운,먹자거리,서울 중구 신당동,체험관광,,
261,청계천,중구,중앙아시아길,문화거리,서울 중구 광희동1가,체험관광,,
262,청계천,중구,남산케이블카,케이블카,서울 중구 회현동1가,체험관광,,
263,청계천,중구,남대문시장 갈치조림골목,먹자거리,서울 중구 남창동,체험관광,,
264,청계천,중구,몽골타운,문화거리,서울 중구 광희동1가,체험관광,,
265,청계천,중구,황학동주방거리,"거리,골목",서울 중구 황학동,체험관광,,
266,청계천,중구,정동전망대,전망대,서울 중구 서소문동,체험관광,,
267,청계천,중구,힙지로,"거리,골목",서울 중구 초동,체험관광,,
268,청계천,중구,청계천헌책방거리,문화거리,서울 중구 을지로6가,체험관광,,
269,청계천,중구,북창동먹자골목,먹자거리,서울 중구 북창동,체험관광,,
270,청계천,중구,세실극장옥상전망대,전망대,서울 중구 정동,체험관광,,
271,청계천,중구,남산공원백범광장,광장,서울 중구 회현동1가,체험관광,,
272,청계천,중구,가을단풍길(남산북측순환로),계절거리,서울 중구 예장동,체험관광,,
273,청계천,중구,잠두봉 포토아일랜드,전망대,서울 중구 예장동,체험관광,,
274,청계천,중구,서울마당,광장,서울 중구 태평로1가,체험관광,,
275,청계천,중구,남산곤돌라(2027년예정),케이블카,서울 중구 예장동,체험관광,,
276,청계천,중구,가을단풍길(덕수궁길),계절거리,서울 중구 서소문동,체험관광,,
277,청계천,중구,드라마[도깨비]촬영지,촬영장소,서울 중구 정동,체험관광,,
278,청계천,중구,남산오르미,케이블카,서울 중구 회현동2가,체험관광,,
279,청계천,중구,숭례문광장,광장,서울 중구 남대문로5가,체험관광,,
280,청계천,중구,장충단길,문화거리,서울 중구 장충동2가,체험관광,,
281,청계천,중구,남산케이블카 운전실,케이블카,서울 중구 예장동,체험관광,,
282,청계천,중구,천주교 서울대교구 주교좌명동대성당,천주교,서울 중구 명동2가,체험관광,,
283,청계천,중구,중림동약현성당,천주교,서울 중구 중림동,체험관광,,
284,청계천,중구,남산충정사,"절,사찰",서울 중구 필동2가,체험관광,,
285,청계천,중구,루미스페이스,한복대여,서울 중구 충무로2가,체험관광,,
286,청계천,중구,정각원,"절,사찰",서울 중구 필동3가,체험관광,,
287,청계천,중구,조선저축은행 중역사택,"문화,유적",서울 중구 정동,문화유적,,
288,청계천,중구,숭례문,기념물,서울 중구 남대문로4가,문화유적,,
289,청계천,중구,남산골한옥마을,"문화,유적",서울 중구 필동2가,문화유적,,
290,청계천,중구,덕수궁,궁궐,서울 중구 정동,문화유적,,
291,청계천,중구,광희문,국가유산,서울 중구 광희동2가,문화유적,,
292,청계천,중구,남대문로한옥상가,국가유산,서울 중구 남대문로4가,문화유적,,
293,청계천,중구,한양도성,"문화,유적",서울 중구 신당동,문화유적,,
294,청계천,중구,덕수궁중명전,국가유산,서울 중구 정동,문화유적,,
295,청계천,중구,환구단정문,기념물,서울 중구 소공동,문화유적,,
296,청계천,중구,황궁우,국가유산,서울 중구 소공동,문화유적,,
297,청계천,중구,구러시아공사관,국가유산,서울 중구 정동,문화유적,,
298,청계천,중구,와룡묘,"릉,묘,총",서울 중구 예장동,문화유적,,
299,청계천,중구,덕수궁선원전터,국가유산,서울 중구 정동,문화유적,,
300,청계천,중구,이간수문,성곽문,서울 중구 신당동,문화유적,,
301,청계천,중구,3.1독립운동기념터,"유적지,사적지",서울 중구 봉래동2가,문화유적,,
302,청계천,중구,환구단본단터,"유적지,사적지",서울 중구 소공동,문화유적,,
303,청계천,중구,경운궁양이재,국가유산,서울 중구 정동,문화유적,,
304,청계천,중구,경운궁중명전,"유적지,사적지",서울 중구 정동,문화유적,,
305,청계천,중구,옛제일은행본점,국가유산,서울 중구 충무로1가,문화유적,,
306,청계천,중구,덕수궁광명문,기념물,서울 중구 정동,문화유적,,
307,청계천,중구,수표교,국가유산,서울 중구 장충동2가,문화유적,,
308,청계천,중구,회화나무,국가유산,서울 중구 정동,문화유적,,
309,청계천,중구,강우규의사 항일의거 터,기념물,서울 중구 봉래동2가,문화유적,,
310,청계천,중구,해풍부원군윤택영댁재실,"문화,유적",서울 중구 필동2가,문화유적,,
311,청계천,중구,육영공원터,국가유산,서울 중구 서소문동,문화유적,,
312,청계천,중구,장충단터,"유적지,사적지",서울 중구 장충동2가,문화유적,,
313,청계천,중구,한국은행 화폐박물관,박물관,서울 중구 남대문로3가,아이와함께,,
314,청계천,중구,서소문성지역사박물관,박물관,서울 중구 의주로2가,아이와함께,,
315,청계천,중구,종이나라박물관,박물관,서울 중구 장충동1가,아이와함께,,
316,청계천,중구,우표박물관,박물관,서울 중구 충무로1가,아이와함께,,
317,청계천,중구,농업박물관,박물관,서울 중구 충정로1가,아이와함께,,
318,청계천,중구,배재학당역사박물관,박물관,서울 중구 정동,아이와함께,,
319,청계천,중구,국토발전전시관,박물관,서울 중구 정동,아이와함께,,
320,청계천,중구,서울특별시교육청융합과학교육원 남산분원,과학관,서울 중구 회현동1가,아이와함께,,
321,청계천,중구,한국금융사박물관,박물관,서울 중구 태평로1가,아이와함께,,
322,청계천,중구,한양도성유적전시관,박물관,서울 중구 회현동1가,아이와함께,,
323,청계천,중구,구세군역사박물관,박물관,서울 중구 정동,아이와함께,,
324,청계천,중구,천주교서울대교구역사관,박물관,서울 중구 명동2가,아이와함께,,
325,청계천,중구,덕수궁석조전대한제국역사관,박물관,서울 중구 정동,아이와함께,,
326,청계천,중구,이화박물관,박물관,서울 중구 정동,아이와함께,,
327,청계천,중구,우리1899,박물관,서울 중구 회현동1가,아이와함께,,
328,청계천,중구,런닷 동대문,"관람,체험",서울 중구 을지로6가,아이와함께,,
329,청계천,중구,동국대학교서울캠퍼스박물관,박물관,서울 중구 필동3가,아이와함께,,
330,청계천,중구,문구Art박물관,박물관,서울 중구 남대문로4가,아이와함께,,
331,청계천,중구,롯데호텔 서울박물관,박물관,서울 중구 소공동,아이와함께,,
332,청계천,중구,앰배서더박물관 의종관,박물관,서울 중구 장충동2가,아이와함께,,
333,청계천,중구,더 블루타이거 신세계백화점 본점,"키즈카페,실내놀이터",서울 중구 회현동1가,아이와함께,,
334,청계천,중구,디키디키,"키즈카페,실내놀이터",서울 중구 을지로7가,아이와함께,,
335,청계천,중구,서울도서관,도서관,서울 중구 태평로1가,아이와함께,,
336,청계천,중구,손기정문화도서관,도서관,서울 중구 만리동2가,아이와함께,,
337,청계천,중구,가온도서관,도서관,서울 중구 신당동,아이와함께,,
338,청계천,중구,다산성곽도서관,도서관,서울 중구 신당동,아이와함께,,
339,청계천,중구,서울형키즈카페 장충점,"키즈카페,실내놀이터",서울 중구 장충동1가,아이와함께,,
340,청계천,중구,어울림도서관,도서관,서울 중구 신당동,아이와함께,,
341,청계천,중구,손기정어린이도서관,어린이도서관,서울 중구 만리동2가,아이와함께,,
342,청계천,중구,서울형키즈카페 신당점,"키즈카페,실내놀이터",서울 중구 신당동,아이와함께,,
343,청계천,중구,신당누리도서관,도서관,서울 중구 신당동,아이와함께,,
344,청계천,중구,동국대학교 중앙도서관,도서관,서울 중구 필동3가,아이와함께,,
345,청계천,중구,장충동작은도서관,도서관,서울 중구 장충동2가,아이와함께,,
346,청계천,중구,키즈카페 몽슈슈,"키즈카페,실내놀이터",서울 중구 신당동,아이와함께,,
347,청계천,중구,남산타운문화체육센터 어린이도서관,어린이도서관,서울 중구 신당동,아이와함께,,
348,청계천,중구,서울특별시의회전문도서관,도서관,서울 중구 서소문동,아이와함께,,
349,청계천,중구,서울형키즈카페 노리몽땅 을지로점,"키즈카페,실내놀이터",서울 중구 주교동,아이와함께,,
350,청계천,중구,반얀트리 키즈클럽,"키즈카페,실내놀이터",서울 중구 장충동2가,아이와함께,,
351,청계천,중구,서울스마트도서관,도서관,서울 중구 정동,아이와함께,,
352,청계천,중구,서울시립미술관 도서자료실,도서관,서울 중구 서소문동,아이와함께,,
353,청계천,중구,중구청 작은도서관,도서관,서울 중구 예관동,아이와함께,,
354,청계천,중구,회현동 작은도서관,도서관,서울 중구 회현동1가,아이와함께,,
355,청계천,중구,광희동 작은도서관,도서관,서울 중구 광희동1가,아이와함께,,
356,청계천,중구,나선도서관,도서관,서울 중구 인현동1가,아이와함께,,
357,청계천,중구,동대문역사문화공원,"도시,테마공원",서울 중구 신당동,피크닉,,
358,청계천,중구,남산공원,"도시,테마공원",서울 중구 예장동,피크닉,,
359,청계천,중구,손기정체육공원,"도시,테마공원",서울 중구 만리동2가,피크닉,,
360,청계천,중구,서소문역사공원,근린공원,서울 중구 의주로2가,피크닉,,
361,청계천,중구,남산예장공원,근린공원,서울 중구 주자동,피크닉,,
362,청계천,중구,훈련원공원,"도시,테마공원",서울 중구 을지로5가,피크닉,,
363,청계천,중구,장충단공원,"도시,테마공원",서울 중구 장충동2가,피크닉,,
364,청계천,중구,매봉산공원,"도시,테마공원",서울 중구 신당동,피크닉,,
365,청계천,중구,남산자락숲길,산책로,서울 중구 신당동,피크닉,,
366,청계천,중구,청계천한빛공원,근린공원,서울 중구 삼각동,피크닉,,
367,청계천,중구,백범광장공원,자연공원,서울 중구 회현동1가,피크닉,,
368,청계천,중구,남산공원호현당,"도시,테마공원",서울 중구 회현동1가,피크닉,,
369,청계천,중구,묵정어린이공원,근린공원,서울 중구 충무로5가,피크닉,,
370,청계천,중구,고종의길,"도시,테마공원",서울 중구 정동,피크닉,,
371,청계천,중구,남산골공원,테마공원,서울 중구 필동2가,피크닉,,
372,청계천,중구,아펜젤러기념공원,근린공원,서울 중구 정동,피크닉,,
373,청계천,중구,서울신라호텔야외조각공원,근린공원,서울 중구 장충동2가,피크닉,,
374,청계천,중구,명동문화공원,"도시,테마공원",서울 중구 저동1가,피크닉,,
375,청계천,중구,쌈지공원,근린공원,서울 중구 신당동,피크닉,,
376,청계천,중구,일본군 위안부 기억의터,테마공원,서울 중구 예장동,피크닉,,
377,청계천,중구,다산어린이공원,공원,서울 중구 신당동,피크닉,,
378,인천국제공항,중구(인천),선녀바위해수욕장,"해수욕장,해변",인천 중구 을왕동,자연명소,,
379,인천국제공항,중구(인천),영종도,섬,인천 중구 운남동,자연명소,,
380,인천국제공항,중구(인천),을왕리해수욕장,"해수욕장,해변",인천 중구 을왕동,자연명소,,
381,인천국제공항,중구(인천),월미도,섬,인천 중구 북성동1가,자연명소,,
382,인천국제공항,중구(인천),백운산,산,인천 중구 운남동,자연명소,,
383,인천국제공항,중구(인천),하나개해수욕장,"해수욕장,해변",인천 중구 무의동,자연명소,,
384,인천국제공항,중구(인천),왕산해수욕장,"해수욕장,해변",인천 중구 을왕동,자연명소,,
385,인천국제공항,중구(인천),영종도 마시안 해변,"해수욕장,해변",인천 중구 덕교동,자연명소,,
386,인천국제공항,중구(인천),거잠포선착장,항구,인천 중구 운서동,자연명소,,
387,인천국제공항,중구(인천),구읍포구,항구,인천 중구 영종동,자연명소,,
388,인천국제공항,중구(인천),소무의도,섬,인천 중구 무의동,자연명소,,
389,인천국제공항,중구(인천),거잠포해변,"해수욕장,해변",인천 중구 덕교동,자연명소,,
390,인천국제공항,중구(인천),무의도,섬,인천 중구 무의동,자연명소,,
391,인천국제공항,중구(인천),북성포구,항구,인천 중구 북성동1가,자연명소,,
392,인천국제공항,중구(인천),선녀바위,바위,인천 중구 을왕동,자연명소,,
393,인천국제공항,중구(인천),실미도해수욕장,"해수욕장,해변",인천 중구 무의동,자연명소,,
394,인천국제공항,중구(인천),월미산,산,인천 중구 북성동1가,자연명소,,
395,인천국제공항,중구(인천),호룡곡산,산,인천 중구 무의동,자연명소,,
396,인천국제공항,중구(인천),팔미도,섬,인천 중구 무의동,자연명소,,
397,인천국제공항,중구(인천),잠진도,섬,인천 중구 을왕동,자연명소,,
398,인천국제공항,중구(인천),실미도,섬,인천 중구 무의동,자연명소,,
399,인천국제공항,중구(인천),세계평화의숲,"숲,숲길",인천 중구 운서동,자연명소,,
400,인천국제공항,중구(인천),몽여해변,"해수욕장,해변",인천 중구 무의동,자연명소,,
401,인천국제공항,중구(인천),용유도,섬,인천 중구 을왕동,자연명소,,
402,인천국제공항,중구(인천),명사의해변,"해수욕장,해변",인천 중구 무의동,자연명소,,
403,인천국제공항,중구(인천),백련산,산,인천 중구 운서동,자연명소,,
404,인천국제공항,중구(인천),오성산,산,인천 중구 남북동,자연명소,,
405,인천국제공항,중구(인천),거북바위,바위,인천 중구 을왕동,자연명소,,
406,인천국제공항,중구(인천),국사봉,"봉우리,고지",인천 중구 무의동,자연명소,,
407,인천국제공항,중구(인천),매도랑,섬,인천 중구 덕교동,자연명소,,
408,인천국제공항,중구(인천),사렴도,섬,인천 중구 무의동,자연명소,,
409,인천국제공항,중구(인천),거북바위,바위,인천 중구 을왕동,자연명소,,
410,인천국제공항,중구(인천),국사봉,"봉우리,고지",인천 중구 무의동,자연명소,,
411,인천국제공항,중구(인천),매도랑,섬,인천 중구 덕교동,자연명소,,
412,인천국제공항,중구(인천),사렴도,섬,인천 중구 무의동,자연명소,,
413,인천국제공항,중구(인천),용유하늘전망대,전망대,인천 중구 덕교동,체험관광,,
414,인천국제공항,중구(인천),차이나타운,체험마을,인천 중구 북성동2가,체험관광,,
415,인천국제공항,중구(인천),인천공항 전망대,전망대,인천 중구 남북동,체험관광,,
416,인천국제공항,중구(인천),송월동동화마을,문화거리,인천 중구 송월동3가,체험관광,,
417,인천국제공항,중구(인천),인천대교,지역명소,인천 중구 운남동,체험관광,,
418,인천국제공항,중구(인천),월미도해양관광,"유람선,관광선",인천 중구 북성동1가,체험관광,,
419,인천국제공항,중구(인천),동인천삼치거리,먹자거리,인천 중구 전동,체험관광,,
420,인천국제공항,중구(인천),무의도 해상관광탐방로,"여행,명소",인천 중구 무의동,체험관광,,
421,인천국제공항,중구(인천),일본풍거리,문화거리,인천 중구 관동1가,체험관광,,
422,인천국제공항,중구(인천),월미문화의거리,"공연,문화의거리",인천 중구 북성동1가,체험관광,,
423,인천국제공항,중구(인천),팔미도유람선,"유람선,관광선",인천 중구 항동7가,체험관광,,
424,인천국제공항,중구(인천),파라다이스시티 스튜디오파라다이스,촬영장소,인천 중구 운서동,체험관광,,
425,인천국제공항,중구(인천),밴댕이회무침거리,먹자거리,인천 중구 항동7가,체험관광,,
426,인천국제공항,중구(인천),마시안어촌체험휴양마을,체험마을,인천 중구 덕교동,체험관광,,
427,인천국제공항,중구(인천),은골카페거리,"거리,골목",인천 중구 운서동,체험관광,,
428,인천국제공항,중구(인천),석산곶,지역명소,인천 중구 운서동,체험관광,,
429,인천국제공항,중구(인천),포내 어촌체험마을,체험마을,인천 중구 무의동,체험관광,,
430,인천국제공항,중구(인천),삼국지벽화거리,문화거리,인천 중구 선린동,체험관광,,
431,인천국제공항,중구(인천),상트페테르부르크광장,광장,인천 중구 항동7가,체험관광,,
432,인천국제공항,중구(인천),하늘정원전망대,전망대,인천 중구 운서동,체험관광,,
433,인천국제공항,중구(인천),월미공원월미전망대,전망대,인천 중구 북성동1가,체험관광,,
434,인천국제공항,중구(인천),어메이징캠프 인천영종도점,체험여행,인천 중구 운북동,체험관광,,
435,인천국제공항,중구(인천),포내 갯벌체험장,체험여행,인천 중구 무의동,체험관광,,
436,인천국제공항,중구(인천),마시안마을,체험마을,인천 중구 덕교동,체험관광,,
437,인천국제공항,중구(인천),인천항역무선방파제등대,등대,인천 중구 항동7가,체험관광,,
438,인천국제공항,중구(인천),드라마[천국의계단]촬영지,촬영장소,인천 중구 무의동,체험관광,,
439,인천국제공항,중구(인천),큰무리 어촌체험마을,체험마을,인천 중구 무의동,체험관광,,
440,인천국제공항,중구(인천),초한지 벽화거리,"거리,골목",인천 중구 북성동3가,체험관광,,
441,인천국제공항,중구(인천),천주교답동성바오로교회,천주교,인천 중구 답동,체험관광,,
442,인천국제공항,중구(인천),용궁사,"절,사찰",인천 중구 운남동,체험관광,,
443,인천국제공항,중구(인천),천주교영종성당,천주교,인천 중구 중산동,체험관광,,
444,인천국제공항,중구(인천),용엄사,"절,사찰",인천 중구 덕교동,체험관광,,
445,인천국제공항,중구(인천),백운사,"절,사찰",인천 중구 운남동,체험관광,,
446,인천국제공항,중구(인천),용유성당,천주교,인천 중구 남북동,체험관광,,
447,인천국제공항,중구(인천),해광사,"절,사찰",인천 중구 신흥동1가,체험관광,,
448,인천국제공항,중구(인천),의선당,"절,사찰",인천 중구 북성동2가,체험관광,,
449,인천국제공항,중구(인천),구 제물포구락부,국가유산,인천 중구 송학동1가,문화유적,,
450,인천국제공항,중구(인천),홍예문,기념물,인천 중구 송학동3가,문화유적,,
451,인천국제공항,중구(인천),구 인천우체국,국가유산,인천 중구 항동6가,문화유적,,
452,인천국제공항,중구(인천),신흥동 옛 시장관사,국가유산,인천 중구 신흥동1가,문화유적,,
453,인천국제공항,중구(인천),자유공원맥아더장군동상,기념물,인천 중구 송학동1가,문화유적,,
454,인천국제공항,중구(인천),용동큰우물,"문화,유적",인천 중구 인현동,문화유적,,
455,인천국제공항,중구(인천),인천상륙작전상륙지점(녹색해안),기념물,인천 중구 북성동1가,문화유적,,
456,인천국제공항,중구(인천),팔미도등대,국가유산,인천 중구 무의동,문화유적,,
457,인천국제공항,중구(인천),청일조계지 경계계단,국가유산,인천 중구 선린동,문화유적,,
458,인천국제공항,중구(인천),조병수 가옥,"문화,유적",인천 중구 남북동,문화유적,,
459,인천국제공항,중구(인천),제3패루 선린문,기념물,인천 중구 북성동3가,문화유적,,
460,인천국제공항,중구(인천),긴담모퉁이길,"문화,유적",인천 중구 답동,문화유적,,
461,인천국제공항,중구(인천),인천일본제18은행,국가유산,인천 중구 중앙동2가,문화유적,,
462,인천국제공항,중구(인천),인천전환국터,국가유산,인천 중구 전동,문화유적,,
463,인천국제공항,중구(인천),월미바다열차,모노레일,인천 중구 북성동1가,문화/액티비티,,
464,인천국제공항,중구(인천),드림닥터 의사직업체험 인천점,"레저,테마",인천 중구 북성동1가,문화/액티비티,,
465,인천국제공항,중구(인천),용유역 자기부상철도,모노레일,인천 중구 운서동,문화/액티비티,,
466,인천국제공항,중구(인천),영종씨사이드 레일바이크,레일바이크,인천 중구 중산동,문화/액티비티,,
467,인천국제공항,중구(인천),월미바다역,모노레일,인천 중구 북성동1가,문화/액티비티,,
468,인천국제공항,중구(인천),인천공항1터미널역 자기부상철도,모노레일,인천 중구 운서동,문화/액티비티,,
469,인천국제공항,중구(인천),월미공원역,모노레일,인천 중구 북성동1가,문화/액티비티,,
470,인천국제공항,중구(인천),월미문화의거리역,모노레일,인천 중구 북성동1가,문화/액티비티,,
471,인천국제공항,중구(인천),파라다이스시티역 자기부상철도,모노레일,인천 중구 운서동,문화/액티비티,,
472,인천국제공항,중구(인천),인천배낚시 국제유선,배낚시,인천 중구 항동7가,문화/액티비티,,
473,인천국제공항,중구(인천),은아낚시,배낚시,인천 중구 항동7가,문화/액티비티,,
474,인천국제공항,중구(인천),인천제일바다낚시,배낚시,인천 중구 항동7가,문화/액티비티,,
475,인천국제공항,중구(인천),인천유선 반가워호,배낚시,인천 중구 항동7가,문화/액티비티,,
476,인천국제공항,중구(인천),덕적호,배낚시,인천 중구 항동7가,문화/액티비티,,
477,인천국제공항,중구(인천),인천배낚시 킹콩낚시,배낚시,인천 중구 항동7가,문화/액티비티,,
478,인천국제공항,중구(인천),인천배낚시 광복낚시,배낚시,인천 중구 항동7가,문화/액티비티,,
479,인천국제공항,중구(인천),왕산마리나,요트,인천 중구 을왕동,문화/액티비티,,
480,인천국제공항,중구(인천),배낚시 수양호,배낚시,인천 중구 항동7가,문화/액티비티,,
481,인천국제공항,중구(인천),루키나호,배낚시,인천 중구 항동7가,문화/액티비티,,
482,인천국제공항,중구(인천),배낚시 해광유선,배낚시,인천 중구 항동7가,문화/액티비티,,
483,인천국제공항,중구(인천),인천현대배낚시,배낚시,인천 중구 항동7가,문화/액티비티,,
484,인천국제공항,중구(인천),덕적바다낚시,배낚시,인천 중구 항동7가,문화/액티비티,,
485,인천국제공항,중구(인천),인천 칸피싱,배낚시,인천 중구 항동7가,문화/액티비티,,
486,인천국제공항,중구(인천),현대요트 인천지점,요트,인천 중구 을왕동,문화/액티비티,,
487,인천국제공항,중구(인천),신나라유선,배낚시,인천 중구 항동7가,문화/액티비티,,
488,인천국제공항,중구(인천),해성유선,배낚시,인천 중구 항동7가,문화/액티비티,,
489,인천국제공항,중구(인천),낚시배등대호,배낚시,인천 중구 무의동,문화/액티비티,,
490,인천국제공항,중구(인천),레이요트,요트,인천 중구 을왕동,문화/액티비티,,
491,인천국제공항,중구(인천),해피호,배낚시,인천 중구 항동7가,문화/액티비티,,
492,인천국제공항,중구(인천),원더박스,테마파크,인천 중구 운서동,아이와함께,,
493,인천국제공항,중구(인천),국립인천해양박물관,박물관,인천 중구 북성동1가,아이와함께,,
494,인천국제공항,중구(인천),와일드벅스 곤충탐험대,박물관,인천 중구 북성동1가,아이와함께,,
495,인천국제공항,중구(인천),르 스페이스,테마파크,인천 중구 운서동,아이와함께,,
496,인천국제공항,중구(인천),월미비치랜드,테마파크,인천 중구 북성동1가,아이와함께,,
497,인천국제공항,중구(인천),월미짱랜드&짱오락실,테마파크,인천 중구 북성동1가,아이와함께,,
498,인천국제공항,중구(인천),K-컬처 뮤지엄,"관람,체험",인천 중구 운서동,아이와함께,,
499,인천국제공항,중구(인천),한국이민사박물관,박물관,인천 중구 북성동1가,아이와함께,,
500,인천국제공항,중구(인천),마이랜드,테마파크,인천 중구 북성동1가,아이와함께,,
501,인천국제공항,중구(인천),짜장면박물관,박물관,인천 중구 선린동,아이와함께,,
502,인천국제공항,중구(인천),인천학생과학관,과학관,인천 중구 운서동,아이와함께,,
503,인천국제공항,중구(인천),한국근대문학관,박물관,인천 중구 해안동2가,아이와함께,,
504,인천국제공항,중구(인천),영종역사관,박물관,인천 중구 중산동,아이와함께,,
505,인천국제공항,중구(인천),인스파이어 디스커버리 파크,테마파크,인천 중구 운서동,아이와함께,,
506,인천국제공항,중구(인천),인천개항박물관,박물관,인천 중구 중앙동1가,아이와함께,,
507,인천국제공항,중구(인천),마시안자율관리공동체,"관람,체험",인천 중구 덕교동,아이와함께,,
508,인천국제공항,중구(인천),누들플랫폼,"관람,체험",인천 중구 관동2가,아이와함께,,
509,인천국제공항,중구(인천),재미난박물관,박물관,인천 중구 중앙동1가,아이와함께,,
510,인천국제공항,중구(인천),어메이징캠프 인천영종도점,체험여행,인천 중구 운북동,아이와함께,,
511,인천국제공항,중구(인천),한국문화박물관 인천국제공항탑승동A점,박물관,인천 중구 운서동,아이와함께,,
512,인천국제공항,중구(인천),포내 갯벌체험장,체험여행,인천 중구 무의동,아이와함께,,
513,인천국제공항,중구(인천),인천광역시교육청 독도체험관,"관람,체험",인천 중구 인현동,아이와함께,,
514,인천국제공항,중구(인천),소무의도 스토리움,박물관,인천 중구 무의동,아이와함께,,
515,인천국제공항,중구(인천),안골유수지연꽃단지,"관람,체험",인천 중구 운서동,아이와함께,,
516,인천국제공항,중구(인천),종아트박물관,박물관,인천 중구 선린동,아이와함께,,
517,인천국제공항,중구(인천),작은연못,동물카페,인천 중구 중산동,아이와함께,,
518,인천국제공항,중구(인천),뽀로로앤타요테마파크 월미도점,"키즈카페,실내놀이터",인천 중구 북성동1가,아이와함께,,
519,인천국제공항,중구(인천),월드킹 인천중구점,"키즈카페,실내놀이터",인천 중구 중산동,아이와함께,,
520,인천국제공항,중구(인천),바운스 더퍼스트 인스파이어리조트센터,"스포츠,오락",인천 중구 운서동,아이와함께,,
521,인천국제공항,중구(인천),실미도유원지,유원지,인천 중구 무의동,피크닉,,
522,인천국제공항,중구(인천),씨사이드파크,"도시,테마공원",인천 중구 중산동,피크닉,,
523,인천국제공항,중구(인천),국립무의도자연휴양림,"휴양림,산림욕장",인천 중구 무의동,피크닉,,
524,인천국제공항,중구(인천),자유공원,근린공원,인천 중구 송학동1가,피크닉,,
525,인천국제공항,중구(인천),씨사이드파크,근린공원,인천 중구 운남동,피크닉,,
526,인천국제공항,중구(인천),월미공원,자연공원,인천 중구 북성동1가,피크닉,,
527,인천국제공항,중구(인천),하늘정원,근린공원,인천 중구 운서동,피크닉,,
528,인천국제공항,중구(인천),미단씨티3호근린공원,근린공원,인천 중구 운북동,피크닉,,
529,인천국제공항,중구(인천),1883개항광장,"도시,테마공원",인천 중구 북성동1가,피크닉,,
530,인천국제공항,중구(인천),어린이교통공원,"도시,테마공원",인천 중구 운남동,피크닉,,
531,인천국제공항,중구(인천),미단씨티4호근린공원,근린공원,인천 중구 운북동,피크닉,,
532,인천국제공항,중구(인천),씨사이드파크 영종진 구역,근린공원,인천 중구 중산동,피크닉,,
533,인천국제공항,중구(인천),영종하늘도시26호소공원,"도시,테마공원",인천 중구 중산동,피크닉,,
534,인천국제공항,중구(인천),남항근린공원,근린공원,인천 중구 신흥동3가,피크닉,,
535,인천국제공항,중구(인천),영마루공원,근린공원,인천 중구 운서동,피크닉,,
536,인천국제공항,중구(인천),송산공원,근린공원,인천 중구 중산동,피크닉,,
537,인천국제공항,중구(인천),영종하늘도시12호근린공원,근린공원,인천 중구 운남동,피크닉,,
538,인천국제공항,중구(인천),씨사이드파크 해수족욕장 & 맨발로,테마공원,인천 중구 운남동,피크닉,,
539,인천국제공항,중구(인천),인천세관역사공원,근린공원,인천 중구 항동7가,피크닉,,
540,인천국제공항,중구(인천),미단씨티5호근린공원,근린공원,인천 중구 운북동,피크닉,,
541,인천국제공항,중구(인천),송산공원,근린공원,인천 중구 운남동,피크닉,,
542,인천국제공항,중구(인천),박석공원,자연공원,인천 중구 중산동,피크닉,,
543,인천국제공항,중구(인천),미단씨티10호근린공원,근린공원,인천 중구 운북동,피크닉,,
544,인천국제공항,중구(인천),영종하늘도시2호체육공원,"도시,테마공원",인천 중구 중산동,피크닉,,
545,인천국제공항,중구(인천),선사공원,근린공원,인천 중구 중산동,피크닉,,
546,인천국제공항,중구(인천),영종하늘도시22호근린공원,근린공원,인천 중구 중산동,피크닉,,
547,인천국제공항,중구(인천),초롱공원,근린공원,인천 중구 운서동,피크닉,,
548,인천국제공항,중구(인천),BMW드라이빙센터친환경체육공원,"도시,테마공원",인천 중구 운서동,피크닉,,
549,인천국제공항,중구(인천),영종하늘도시8호근린공원,근린공원,인천 중구 운남동,피크닉,,
550,송도해수욕장,서구(부산),송도용궁구름다리,지역명소,부산 서구 암남동,체험관광,,
551,송도해수욕장,서구(부산),송도해상케이블카,케이블카,부산 서구 암남동,체험관광,,
552,송도해수욕장,서구(부산),닥밭골벽화마을,"공연,문화의거리",부산 서구 동대신동2가,체험관광,,
553,송도해수욕장,서구(부산),송도해상케이블카송도스카이파크,케이블카,부산 서구 암남동,체험관광,,
554,송도해수욕장,서구(부산),천마산하늘전망대,전망대,부산 서구 초장동,체험관광,,
555,송도해수욕장,서구(부산),비석문화마을,체험마을,부산 서구 아미동2가,체험관광,,
556,송도해수욕장,서구(부산),부산항전망대,전망대,부산 서구 남부민동,체험관광,,
557,송도해수욕장,서구(부산),내원정사,"절,사찰",부산 서구 서대신동3가,체험관광,,
558,송도해수욕장,서구(부산),천마산 복합전망대,전망대,부산 서구 남부민동,체험관광,,
559,송도해수욕장,서구(부산),누리바라기,전망대,부산 서구 남부민동,체험관광,,
560,송도해수욕장,서구(부산),대한민국임시수도기념거리,"거리,골목",부산 서구 부민동2가,체험관광,,
561,송도해수욕장,서구(부산),송도거북섬등표,등대,부산 서구 암남동,체험관광,,
562,송도해수욕장,서구(부산),송도어항방파제서단등대,등대,부산 서구 암남동,체험관광,,
563,송도해수욕장,서구(부산),대원사,"절,사찰",부산 서구 남부민동,체험관광,,
564,송도해수욕장,서구(부산),정법사,"절,사찰",부산 서구 서대신동3가,체험관광,,
565,송도해수욕장,서구(부산),아미산대성사,"절,사찰",부산 서구 아미동2가,체험관광,,
566,송도해수욕장,서구(부산),동아대학교 석당박물관,박물관,부산 서구 부민동2가,아이와함께,,
567,송도해수욕장,서구(부산),엄광산 유아숲체험원,"관람,체험",부산 서구 서대신동3가,아이와함께,,
568,송도해수욕장,서구(부산),비석마을 피란생활박물관,박물관,부산 서구 아미동2가,아이와함께,,
569,송도해수욕장,서구(부산),하하하 드로잉,"키즈카페,실내놀이터",부산 서구 암남동,아이와함께,,
570,송도해수욕장,서구(부산),서구아미드림도서관,군구립도서관,부산 서구 아미동2가,아이와함께,,
571,송도해수욕장,서구(부산),구덕도서관,도서관,부산 서구 서대신동3가,아이와함께,,
572,송도해수욕장,서구(부산),본아뜨리에 드로잉카페,"키즈카페,실내놀이터",부산 서구 서대신동3가,아이와함께,,
573,송도해수욕장,서구(부산),부산광역시 아동보호종합센터 꿈누리도서실,도서관,부산 서구 아미동2가,아이와함께,,
574,송도해수욕장,서구(부산),천마니 작은도서관,도서관,부산 서구 아미동2가,아이와함께,,
575,송도해수욕장,서구(부산),꽃마루어린이 작은도서관,도서관,부산 서구 서대신동3가,아이와함께,,
576,"경복궁, 세종문화회관",종로구,청계천,"강,하천",서울 종로구 창신동,자연명소,,
577,"경복궁, 세종문화회관",종로구,인왕산,산,서울 종로구 무악동,자연명소,,
578,"경복궁, 세종문화회관",종로구,북악산,산,서울 종로구 부암동,자연명소,,
579,"경복궁, 세종문화회관",종로구,선바위,바위,서울 종로구 무악동,자연명소,,
580,"경복궁, 세종문화회관",종로구,수성동계곡,계곡,서울 종로구 옥인동,자연명소,,
581,"경복궁, 세종문화회관",종로구,낙산,산,서울 종로구 창신동,자연명소,,
582,"경복궁, 세종문화회관",종로구,백사실계곡,계곡,서울 종로구 부암동,자연명소,,
583,"경복궁, 세종문화회관",종로구,무무대,바위,서울 종로구 옥인동,자연명소,,
584,"경복궁, 세종문화회관",종로구,청운대,산,서울 종로구 부암동,자연명소,,
585,"경복궁, 세종문화회관",종로구,유심사,자연명소,서울 종로구 계동,자연명소,,
586,"경복궁, 세종문화회관",종로구,북한산국립공원형제봉,"봉우리,고지",서울 종로구 평창동,자연명소,,
587,"경복궁, 세종문화회관",종로구,북한산향로봉,"봉우리,고지",서울 종로구 구기동,자연명소,,
588,"경복궁, 세종문화회관",종로구,범바위,바위,서울 종로구 누상동,자연명소,,
589,"경복궁, 세종문화회관",종로구,기차바위,바위,서울 종로구 부암동,자연명소,,
590,"경복궁, 세종문화회관",종로구,사모바위,바위,서울 종로구 구기동,자연명소,,
591,"경복궁, 세종문화회관",종로구,비봉능선,능선명,서울 종로구 구기동,자연명소,,
592,"경복궁, 세종문화회관",종로구,제이닷트리 크리스마스 팝업,지역명소,서울 종로구 행촌동,체험관광,,
593,"경복궁, 세종문화회관",종로구,광화문광장,광장,서울 종로구 세종로,체험관광,,
594,"경복궁, 세종문화회관",종로구,북촌 한옥마을,지역명소,서울 종로구 계동,체험관광,,
595,"경복궁, 세종문화회관",종로구,대학로,"거리,골목",서울 종로구 동숭동,체험관광,,
596,"경복궁, 세종문화회관",종로구,인사동문화의거리,문화거리,서울 종로구 인사동,체험관광,,
597,"경복궁, 세종문화회관",종로구,종로귀금속거리,"거리,골목",서울 종로구 봉익동,체험관광,,
598,"경복궁, 세종문화회관",종로구,동대문닭한마리골목,먹자거리,서울 종로구 종로5가,체험관광,,
599,"경복궁, 세종문화회관",종로구,열린송현 녹지광장,광장,서울 종로구 송현동,체험관광,,
600,"경복궁, 세종문화회관",종로구,금선사 템플스테이,템플스테이,서울 종로구 구기동,체험관광,,
601,"경복궁, 세종문화회관",종로구,북악스카이웨이,드라이브,서울 종로구 평창동,체험관광,,
602,"경복궁, 세종문화회관",종로구,종각젊음의거리,"거리,골목",서울 종로구 관철동,체험관광,,
603,"경복궁, 세종문화회관",종로구,서촌마을,"거리,골목",서울 종로구 누하동,체험관광,,
604,"경복궁, 세종문화회관",종로구,이화마을,체험마을,서울 종로구 동숭동,체험관광,,
605,"경복궁, 세종문화회관",종로구,종묘시민광장,광장,서울 종로구 훈정동,체험관광,,
606,"경복궁, 세종문화회관",종로구,청계천수족관거리,"거리,골목",서울 종로구 창신동,체험관광,,
607,"경복궁, 세종문화회관",종로구,세종마을음식문화거리,먹자거리,서울 종로구 체부동,체험관광,,
608,"경복궁, 세종문화회관",종로구,채석장전망대 카페낙타,전망대,서울 종로구 창신동,체험관광,,
609,"경복궁, 세종문화회관",종로구,삼청동문화거리,"거리,골목",서울 종로구 팔판동,체험관광,,
610,"경복궁, 세종문화회관",종로구,북촌한옥청,지역명소,서울 종로구 가회동,체험관광,,
611,"경복궁, 세종문화회관",종로구,광장시장전골목,먹자거리,서울 종로구 종로4가,체험관광,,
612,"경복궁, 세종문화회관",종로구,창덕궁 후원,지역명소,서울 종로구 와룡동,체험관광,,
613,"경복궁, 세종문화회관",종로구,조계사 템플스테이,템플스테이,서울 종로구 견지동,체험관광,,
614,"경복궁, 세종문화회관",종로구,조계사,"절,사찰",서울 종로구 견지동,체험관광,,
615,"경복궁, 세종문화회관",종로구,가을단풍길(효자로),계절거리,서울 종로구 창성동,체험관광,,
616,"경복궁, 세종문화회관",종로구,청와대 만남의장소,광장,서울 종로구 세종로,체험관광,,
617,"경복궁, 세종문화회관",종로구,윤동주하숙집,지역명소,서울 종로구 누상동,체험관광,,
618,"경복궁, 세종문화회관",종로구,북악산 한양도성,지역명소,서울 종로구 삼청동,체험관광,,
619,"경복궁, 세종문화회관",종로구,삼청동길,계절거리,서울 종로구 삼청동,체험관광,,
620,"경복궁, 세종문화회관",종로구,피맛골,먹자거리,서울 종로구 청진동,체험관광,,
621,"경복궁, 세종문화회관",종로구,인사동길,"거리,골목",서울 종로구 낙원동,체험관광,,
622,"경복궁, 세종문화회관",종로구,의정부지 역사유적광장,광장,서울 종로구 세종로,체험관광,,
623,"경복궁, 세종문화회관",종로구,낙산묘각사,"절,사찰",서울 종로구 숭인동,체험관광,,
624,"경복궁, 세종문화회관",종로구,청계3경정조반차도,지역명소,서울 종로구 관철동,체험관광,,
625,"경복궁, 세종문화회관",종로구,가을단풍길(삼청동길),계절거리,서울 종로구 팔판동,체험관광,,
626,"경복궁, 세종문화회관",종로구,창신동 절벽골목,"거리,골목",서울 종로구 창신동,체험관광,,
627,"경복궁, 세종문화회관",종로구,묘각사 템플스테이,템플스테이,서울 종로구 숭인동,체험관광,,
628,"경복궁, 세종문화회관",종로구,모아한복,한복대여,서울 종로구 팔판동,체험관광,,
629,"경복궁, 세종문화회관",종로구,명가대남예사랑한복종로본점,한복대여,서울 종로구 인의동,체험관광,,
630,"경복궁, 세종문화회관",종로구,지지배배한복 경복궁점,한복대여,서울 종로구 적선동,체험관광,,
631,"경복궁, 세종문화회관",종로구,리진한복,한복대여,서울 종로구 연지동,체험관광,,
632,"경복궁, 세종문화회관",종로구,그날그한복,한복대여,서울 종로구 사간동,체험관광,,
633,"경복궁, 세종문화회관",종로구,금준당,한복대여,서울 종로구 소격동,체험관광,,
634,"경복궁, 세종문화회관",종로구,한복남 경복궁점,한복대여,서울 종로구 적선동,체험관광,,
635,"경복궁, 세종문화회관",종로구,한복남 북촌한옥마을점,한복대여,서울 종로구 가회동,체험관광,,
636,"경복궁, 세종문화회관",종로구,연예인한복,한복대여,서울 종로구 체부동,체험관광,,
637,"경복궁, 세종문화회관",종로구,고운솔한복,한복대여,서울 종로구 적선동,체험관광,,
638,"경복궁, 세종문화회관",종로구,한복남 창덕궁,한복대여,서울 종로구 와룡동,체험관광,,
639,"경복궁, 세종문화회관",종로구,한옥집한복,한복대여,서울 종로구 재동,체험관광,,
640,"경복궁, 세종문화회관",종로구,서화한복,한복대여,서울 종로구 적선동,체험관광,,
641,"경복궁, 세종문화회관",종로구,Swap 스왑 플래그십 스토어 북촌,자전거,서울 종로구 삼청동,체험관광,,
642,"경복궁, 세종문화회관",종로구,대한한복,한복대여,서울 종로구 적선동,체험관광,,
643,"경복궁, 세종문화회관",종로구,봄은한복,한복대여,서울 종로구 소격동,체험관광,,
644,"경복궁, 세종문화회관",종로구,한복소녀,한복대여,서울 종로구 적선동,체험관광,,
645,"경복궁, 세종문화회관",종로구,법련사,"절,사찰",서울 종로구 사간동,체험관광,,
646,"경복궁, 세종문화회관",종로구,청춘한복아랑,한복대여,서울 종로구 체부동,체험관광,,
647,"경복궁, 세종문화회관",종로구,도령아씨한복,한복대여,서울 종로구 통의동,체험관광,,
648,"경복궁, 세종문화회관",종로구,참한복,한복대여,서울 종로구 적선동,체험관광,,
649,"경복궁, 세종문화회관",종로구,아리한복,한복대여,서울 종로구 통의동,체험관광,,
650,"경복궁, 세종문화회관",종로구,한복남 프리미엄,한복대여,서울 종로구 적선동,체험관광,,
651,"경복궁, 세종문화회관",종로구,금선사,"절,사찰",서울 종로구 구기동,체험관광,,
652,"경복궁, 세종문화회관",종로구,예인방,한복대여,서울 종로구 운니동,체험관광,,
653,"경복궁, 세종문화회관",종로구,가회동성당,천주교,서울 종로구 가회동,체험관광,,
654,"경복궁, 세종문화회관",종로구,진한복,한복대여,서울 종로구 적선동,체험관광,,
655,"경복궁, 세종문화회관",종로구,나예한복,한복대여,서울 종로구 적선동,체험관광,,
656,"경복궁, 세종문화회관",종로구,해와달한복,한복대여,서울 종로구 적선동,체험관광,,
657,"경복궁, 세종문화회관",종로구,별궁터한복 경복궁점,한복대여,서울 종로구 통의동,체험관광,,
658,"경복궁, 세종문화회관",종로구,원데이한복,한복대여,서울 종로구 적선동,체험관광,,
659,"경복궁, 세종문화회관",종로구,케이스타 한복,한복대여,서울 종로구 적선동,체험관광,,
660,"경복궁, 세종문화회관",종로구,한복 궁,한복대여,서울 종로구 적선동,체험관광,,
661,"경복궁, 세종문화회관",종로구,인코리아한복,한복대여,서울 종로구 적선동,체험관광,,
662,"경복궁, 세종문화회관",종로구,광화문,기념물,서울 종로구 세종로,문화유적,,
663,"경복궁, 세종문화회관",종로구,보신각,기념물,서울 종로구 관철동,문화유적,,
664,"경복궁, 세종문화회관",종로구,경복궁,궁궐,서울 종로구 세종로,문화유적,,
665,"경복궁, 세종문화회관",종로구,흥인지문,기념물,서울 종로구 종로6가,문화유적,,
666,"경복궁, 세종문화회관",종로구,창경궁,궁궐,서울 종로구 와룡동,문화유적,,
667,"경복궁, 세종문화회관",종로구,경희궁,궁궐,서울 종로구 신문로2가,문화유적,,
668,"경복궁, 세종문화회관",종로구,창덕궁,세계문화유산,서울 종로구 와룡동,문화유적,,
669,"경복궁, 세종문화회관",종로구,운현궁,궁궐,서울 종로구 운니동,문화유적,,
670,"경복궁, 세종문화회관",종로구,사직단,"문화,유적",서울 종로구 사직동,문화유적,,
671,"경복궁, 세종문화회관",종로구,경교장,국가유산,서울 종로구 평동,문화유적,,
672,"경복궁, 세종문화회관",종로구,이상의집,"문화,유적",서울 종로구 통인동,문화유적,,
673,"경복궁, 세종문화회관",종로구,세종대왕동상,기념물,서울 종로구 세종로,문화유적,,
674,"경복궁, 세종문화회관",종로구,종묘,세계문화유산,서울 종로구 훈정동,문화유적,,
675,"경복궁, 세종문화회관",종로구,이순신장군동상,기념물,서울 종로구 세종로,문화유적,,
676,"경복궁, 세종문화회관",종로구,딜쿠샤,국가유산,서울 종로구 행촌동,문화유적,,
677,"경복궁, 세종문화회관",종로구,혜화문,기념물,서울 종로구 혜화동,문화유적,,
678,"경복궁, 세종문화회관",종로구,단성사,"유적지,사적지",서울 종로구 묘동,문화유적,,
679,"경복궁, 세종문화회관",종로구,백인제가옥,"문화,유적",서울 종로구 가회동,문화유적,,
680,"경복궁, 세종문화회관",종로구,석파정,"문화,유적",서울 종로구 부암동,문화유적,,
681,"경복궁, 세종문화회관",종로구,창의문,보물,서울 종로구 부암동,문화유적,,
682,"경복궁, 세종문화회관",종로구,세검정,"문화,유적",서울 종로구 신영동,문화유적,,
683,"경복궁, 세종문화회관",종로구,창경궁홍화문,기념물,서울 종로구 와룡동,문화유적,,
684,"경복궁, 세종문화회관",종로구,우정총국,"문화,유적",서울 종로구 견지동,문화유적,,
685,"경복궁, 세종문화회관",종로구,천도교중앙대교당,국가유산,서울 종로구 경운동,문화유적,,
686,"경복궁, 세종문화회관",종로구,이화장,기념물,서울 종로구 이화동,문화유적,,
687,"경복궁, 세종문화회관",종로구,창덕궁 돈화문(2027년7월예정),기념물,서울 종로구 와룡동,문화유적,,
688,"경복궁, 세종문화회관",종로구,홍난파가옥,국가유산,서울 종로구 홍파동,문화유적,,
689,"경복궁, 세종문화회관",종로구,서울원각사지십층석탑,국보,서울 종로구 종로2가,문화유적,,
690,"경복궁, 세종문화회관",종로구,계동 배렴가옥,국가유산,서울 종로구 계동,문화유적,,
691,"경복궁, 세종문화회관",종로구,전태일동상,기념물,서울 종로구 종로5가,문화유적,,
692,"경복궁, 세종문화회관",종로구,홍건익가옥,국가유산,서울 종로구 필운동,문화유적,,
693,"경복궁, 세종문화회관",종로구,단군성전,국가유산,서울 종로구 사직동,문화유적,,
694,"경복궁, 세종문화회관",종로구,조계사대웅전,국가유산,서울 종로구 수송동,문화유적,,
695,"경복궁, 세종문화회관",종로구,경복궁 향원정,국가유산,서울 종로구 세종로,문화유적,,
696,"경복궁, 세종문화회관",종로구,성균관 명륜당,국가유산,서울 종로구 명륜3가,문화유적,,
697,"경복궁, 세종문화회관",종로구,서울동묘,"릉,묘,총",서울 종로구 숭인동,문화유적,,
698,"경복궁, 세종문화회관",종로구,숙정문,국가유산,서울 종로구 삼청동,문화유적,,
699,"경복궁, 세종문화회관",종로구,동아일보사옥,국가유산,서울 종로구 세종로,문화유적,,
700,"경복궁, 세종문화회관",종로구,홍지문 및 탕춘대성,성곽문,서울 종로구 홍지동,문화유적,,
701,"경복궁, 세종문화회관",종로구,고종즉위40년칭경기념비,기념물,서울 종로구 세종로,문화유적,,
702,"경복궁, 세종문화회관",종로구,경복궁 흥례문,기념물,서울 종로구 세종로,문화유적,,
703,"경복궁, 세종문화회관",종로구,경운동 민병옥 가옥,국가유산,서울 종로구 경운동,문화유적,,
704,"경복궁, 세종문화회관",종로구,경복궁영추문,기념물,서울 종로구 세종로,문화유적,,
705,"경복궁, 세종문화회관",종로구,서울문묘,보물,서울 종로구 명륜3가 53,문화유적,,
706,"경복궁, 세종문화회관",종로구,종묘외대문,기념물,서울 종로구 훈정동,문화유적,,
707,"경복궁, 세종문화회관",종로구,태화관터,"유적지,사적지",서울 종로구 인사동,문화유적,,
708,"경복궁, 세종문화회관",종로구,경복궁신무문,기념물,서울 종로구 세종로,문화유적,,
709,"경복궁, 세종문화회관",종로구,대한의원,국가유산,서울 종로구 연건동,문화유적,,
710,"경복궁, 세종문화회관",종로구,한성도서주식회사터,"유적지,사적지",서울 종로구 견지동,문화유적,,
711,"경복궁, 세종문화회관",종로구,종묘영녕전,보물,서울 종로구 훈정동,문화유적,,
712,"경복궁, 세종문화회관",종로구,창경궁 명정전,국보,서울 종로구 와룡동,문화유적,,
713,"경복궁, 세종문화회관",종로구,경복궁건춘문,기념물,서울 종로구 세종로,문화유적,,
714,"경복궁, 세종문화회관",종로구,오간수문,기념물,서울 종로구 종로6가,문화유적,,
715,"경복궁, 세종문화회관",종로구,경복궁 수정전,국가유산,서울 종로구 세종로,문화유적,,
716,"경복궁, 세종문화회관",종로구,경모궁지,국가유산,서울 종로구 연건동,문화유적,,
717,"경복궁, 세종문화회관",종로구,서울문묘의은행나무,기념물,서울 종로구 명륜3가 53,문화유적,,
718,"경복궁, 세종문화회관",종로구,경복궁사정전,국가유산,서울 종로구 세종로,문화유적,,
719,"경복궁, 세종문화회관",종로구,세종대왕 탄생지 기념비,기념물,서울 종로구 통인동,문화유적,,
720,"경복궁, 세종문화회관",종로구,창덕궁연경당,국가유산,서울 종로구 와룡동,문화유적,,
721,"경복궁, 세종문화회관",종로구,평창동보현산신각,기념물,서울 종로구 평창동,문화유적,,
722,"경복궁, 세종문화회관",종로구,민영환 자결터,기념물,서울 종로구 공평동,문화유적,,
723,"경복궁, 세종문화회관",종로구,서울관상감관천대,국가유산,서울 종로구 원서동,문화유적,,
724,"경복궁, 세종문화회관",종로구,경복궁근정문,기념물,서울 종로구 세종로,문화유적,,
725,"경복궁, 세종문화회관",종로구,조선어학회한말글수호기념탑,기념물,서울 종로구 세종로,문화유적,,
726,"경복궁, 세종문화회관",종로구,우정총국회화나무,기념물,서울 종로구 견지동,문화유적,,
727,"경복궁, 세종문화회관",종로구,이준구가옥,국가유산,서울 종로구 가회동,문화유적,,
728,"경복궁, 세종문화회관",종로구,필운대,국가유산,서울 종로구 필운동,문화유적,,
729,"경복궁, 세종문화회관",종로구,김형태가옥,기념물,서울 종로구 가회동,문화유적,,
730,"경복궁, 세종문화회관",종로구,진흥왕순수비,기념물,서울 종로구 구기동,문화유적,,
731,"경복궁, 세종문화회관",종로구,조계사진신사리탑,기념물,서울 종로구 수송동,문화유적,,
732,"경복궁, 세종문화회관",종로구,창경궁성종태실.태실비,기념물,서울 종로구 와룡동,문화유적,,
733,"경복궁, 세종문화회관",종로구,종친부경근당과옥첩당,국가유산,서울 종로구 소격동,문화유적,,
734,"경복궁, 세종문화회관",종로구,영화당,국가유산,서울 종로구 와룡동,문화유적,,
735,"경복궁, 세종문화회관",종로구,창신동 절개지,"유적지,사적지",서울 종로구 창신동,문화유적,,
736,"경복궁, 세종문화회관",종로구,번사창,국가유산,서울 종로구 삼청동,문화유적,,
737,"경복궁, 세종문화회관",종로구,경복궁아미산굴뚝,국가유산,서울 종로구 세종로,문화유적,,
738,"경복궁, 세종문화회관",종로구,창경궁선인문,기념물,서울 종로구 와룡동,문화유적,,
739,"경복궁, 세종문화회관",종로구,경희궁지,국가유산,서울 종로구 신문로2가,문화유적,,
740,"경복궁, 세종문화회관",종로구,대한조국주권수호일념비,"유적지,사적지",서울 종로구 혜화동,문화유적,,
741,"경복궁, 세종문화회관",종로구,창경궁월근문,기념물,서울 종로구 와룡동,문화유적,,
742,"경복궁, 세종문화회관",종로구,지청천생가터,"유적지,사적지",서울 종로구 삼청동,문화유적,,
743,"경복궁, 세종문화회관",종로구,우암송시열집터,국가유산,서울 종로구 명륜1가,문화유적,,
744,"경복궁, 세종문화회관",종로구,대한매일신보창간사옥터,"유적지,사적지",서울 종로구 수송동,문화유적,,
745,"경복궁, 세종문화회관",종로구,경복궁유화문,기념물,서울 종로구 세종로,문화유적,,
746,"경복궁, 세종문화회관",종로구,박자혜 선생 산파 터,"유적지,사적지",서울 종로구 인사동,문화유적,,
747,"경복궁, 세종문화회관",종로구,서울역사박물관,박물관,서울 종로구 신문로2가,아이와함께,,
748,"경복궁, 세종문화회관",종로구,대한민국역사박물관,박물관,서울 종로구 세종로,아이와함께,,
749,"경복궁, 세종문화회관",종로구,국립어린이과학관,과학관,서울 종로구 와룡동,아이와함께,,
750,"경복궁, 세종문화회관",종로구,서울공예박물관,박물관,서울 종로구 안국동,아이와함께,,
751,"경복궁, 세종문화회관",종로구,국립경찰박물관,박물관,서울 종로구 행촌동,아이와함께,,
752,"경복궁, 세종문화회관",종로구,런닝맨 인사동점,테마파크,서울 종로구 인사동,아이와함께,,
753,"경복궁, 세종문화회관",종로구,국립민속박물관,박물관,서울 종로구 세종로,아이와함께,,
754,"경복궁, 세종문화회관",종로구,국립민속박물관 어린이박물관,박물관,서울 종로구 세종로,아이와함께,,
755,"경복궁, 세종문화회관",종로구,가회민화박물관,박물관,서울 종로구 가회동,아이와함께,,
756,"경복궁, 세종문화회관",종로구,한생연 융합교육과학관,과학관,서울 종로구 명륜1가 7-5,아이와함께,,
757,"경복궁, 세종문화회관",종로구,한양도성박물관,박물관,서울 종로구 종로6가,아이와함께,,
758,"경복궁, 세종문화회관",종로구,국립고궁박물관,박물관,서울 종로구 세종로,아이와함께,,
759,"경복궁, 세종문화회관",종로구,서울우리소리박물관,박물관,서울 종로구 와룡동,아이와함께,,
760,"경복궁, 세종문화회관",종로구,뮤지엄김치간,박물관,서울 종로구 관훈동,아이와함께,,
761,"경복궁, 세종문화회관",종로구,북촌동양문화박물관,박물관,서울 종로구 삼청동,아이와함께,,
762,"경복궁, 세종문화회관",종로구,서울공예박물관 어린이박물관,박물관,서울 종로구 안국동,아이와함께,,
763,"경복궁, 세종문화회관",종로구,서울교육박물관,박물관,서울 종로구 화동,아이와함께,,
764,"경복궁, 세종문화회관",종로구,국립기상박물관,박물관,서울 종로구 송월동,아이와함께,,
765,"경복궁, 세종문화회관",종로구,다이나믹메이즈 인사동,테마파크,서울 종로구 인사동,아이와함께,,
766,"경복궁, 세종문화회관",종로구,윤동주문학관,박물관,서울 종로구 청운동,아이와함께,,
767,"경복궁, 세종문화회관",종로구,신문박물관PRESSEUM,박물관,서울 종로구 세종로,아이와함께,,
768,"경복궁, 세종문화회관",종로구,떡박물관,박물관,서울 종로구 와룡동,아이와함께,,
769,"경복궁, 세종문화회관",종로구,어라연 전각체험관,"관람,체험",서울 종로구 관훈동,아이와함께,,
770,"경복궁, 세종문화회관",종로구,한국사찰음식문화체험관,"관람,체험",서울 종로구 안국동,아이와함께,,
771,"경복궁, 세종문화회관",종로구,이회영기념관,박물관,서울 종로구 사직동,아이와함께,,
772,"경복궁, 세종문화회관",종로구,유금와당박물관,박물관,서울 종로구 부암동,아이와함께,,
773,"경복궁, 세종문화회관",종로구,아름다운차박물관,박물관,서울 종로구 인사동,아이와함께,,
774,"경복궁, 세종문화회관",종로구,북촌박물관,박물관,서울 종로구 가회동,아이와함께,,
775,"경복궁, 세종문화회관",종로구,화정박물관,박물관,서울 종로구 평창동,아이와함께,,
776,"경복궁, 세종문화회관",종로구,불교중앙박물관,박물관,서울 종로구 견지동,아이와함께,,
777,"경복궁, 세종문화회관",종로구,돈의문역사관,박물관,서울 종로구 신문로2가,아이와함께,,
778,"경복궁, 세종문화회관",종로구,춘원당한의약박물관,박물관,서울 종로구 낙원동,아이와함께,,
779,"경복궁, 세종문화회관",종로구,짚풀생활사박물관,박물관,서울 종로구 명륜2가 8-4,아이와함께,,
780,"경복궁, 세종문화회관",종로구,목인박물관 목석원,박물관,서울 종로구 부암동,아이와함께,,
781,"경복궁, 세종문화회관",종로구,상명대학교 박물관,박물관,서울 종로구 평창동,아이와함께,,
782,"경복궁, 세종문화회관",종로구,아띠인력거,"관람,체험",서울 종로구 화동,아이와함께,,
783,"경복궁, 세종문화회관",종로구,김달진미술자료박물관,박물관,서울 종로구 홍지동,아이와함께,,
784,"경복궁, 세종문화회관",종로구,영인문학관,박물관,서울 종로구 평창동,아이와함께,,
785,"경복궁, 세종문화회관",종로구,성균관대학교 인문사회과학캠퍼스박물관,박물관,서울 종로구 명륜3가 53-21,아이와함께,,
786,"경복궁, 세종문화회관",종로구,성재전통건축박물관,박물관,서울 종로구 원서동,아이와함께,,
787,"경복궁, 세종문화회관",종로구,정독도서관부설서울교육박물관,박물관,서울 종로구 화동,아이와함께,,
788,"경복궁, 세종문화회관",종로구,NKDB 북한인권 전시실,박물관,서울 종로구 관철동,아이와함께,,
789,"경복궁, 세종문화회관",종로구,본태 더 팔라스 131,박물관,서울 종로구 와룡동,아이와함께,,
790,"경복궁, 세종문화회관",종로구,국립민속박물관 전시운영과,박물관,서울 종로구 세종로,아이와함께,,
791,"경복궁, 세종문화회관",종로구,인왕산 유아숲체험원,"관람,체험",서울 종로구 누상동,아이와함께,,
792,"경복궁, 세종문화회관",종로구,세운전자박물관,박물관,서울 종로구 장사동,아이와함께,,
793,"경복궁, 세종문화회관",종로구,삼청공원 유아숲체험장,"관람,체험",서울 종로구 삼청동,아이와함께,,
794,"경복궁, 세종문화회관",종로구,숭인근린공원 유아숲체험장,"관람,체험",서울 종로구 숭인동,아이와함께,,
795,"경복궁, 세종문화회관",종로구,쁘띠몽드 경희궁자이점,"키즈카페,실내놀이터",서울 종로구 교북동,아이와함께,,
796,"경복궁, 세종문화회관",종로구,서울특별시교육청 정독도서관,도서관,서울 종로구 화동,아이와함께,,
797,"경복궁, 세종문화회관",종로구,제3의 시간,도서관,서울 종로구 동숭동,아이와함께,,
798,"경복궁, 세종문화회관",종로구,서울특별시교육청 종로도서관,도서관,서울 종로구 사직동,아이와함께,,
799,"경복궁, 세종문화회관",종로구,4.19혁명기념도서관,도서관,서울 종로구 평동,아이와함께,,
800,"경복궁, 세종문화회관",종로구,청운문학도서관,도서관,서울 종로구 청운동,아이와함께,,
801,"경복궁, 세종문화회관",종로구,서울특별시교육청 어린이도서관,어린이도서관,서울 종로구 사직동,아이와함께,,
802,"경복궁, 세종문화회관",종로구,어린이청소년국학도서관,도서관,서울 종로구 명륜3가 1-21 와룡문화센터 5층,아이와함께,,
803,"경복궁, 세종문화회관",종로구,삼청공원 숲속도서관,도서관,서울 종로구 삼청동,아이와함께,,
804,"경복궁, 세종문화회관",종로구,서울형키즈카페 종로구혜화동점,"키즈카페,실내놀이터",서울 종로구 혜화동,아이와함께,,
805,"경복궁, 세종문화회관",종로구,레인보우몰리스,"키즈카페,실내놀이터",서울 종로구 창신동,아이와함께,,
806,"경복궁, 세종문화회관",종로구,라이브러리 피치,도서관,서울 종로구 동숭동,아이와함께,,
807,"경복궁, 세종문화회관",종로구,도담도담한옥도서관,도서관,서울 종로구 숭인동,아이와함께,,
808,"경복궁, 세종문화회관",종로구,창신소담도서관,도서관,서울 종로구 창신동,아이와함께,,
809,"경복궁, 세종문화회관",종로구,우리소리도서관,도서관,서울 종로구 익선동,아이와함께,,
810,"경복궁, 세종문화회관",종로구,통인 어린이 작은도서관,도서관,서울 종로구 통인동,아이와함께,,
811,"경복궁, 세종문화회관",종로구,LG상남도서관,도서관,서울 종로구 원서동,아이와함께,,
812,"경복궁, 세종문화회관",종로구,국립현대미술관 미술디지털도서관,도서관,서울 종로구 소격동,아이와함께,,
813,"경복궁, 세종문화회관",종로구,광화문 책마당,도서관,서울 종로구 세종로,아이와함께,,
814,"경복궁, 세종문화회관",종로구,혜명아이들놀이터,놀이터,서울 종로구 혜화동,아이와함께,,
815,"경복궁, 세종문화회관",종로구,호모북커스,도서관,서울 종로구 누하동,아이와함께,,
816,"경복궁, 세종문화회관",종로구,아름꿈도서관,도서관,서울 종로구 숭인동,아이와함께,,
817,"경복궁, 세종문화회관",종로구,한국사회과학도서관,전문도서관,서울 종로구 사직동,아이와함께,,
818,"경복궁, 세종문화회관",종로구,한국방송통신대학교 중앙도서관,도서관,서울 종로구 동숭동,아이와함께,,
819,"경복궁, 세종문화회관",종로구,상상굴뚝놀이터,"키즈카페,실내놀이터",서울 종로구 옥인동,아이와함께,,
820,"경복궁, 세종문화회관",종로구,지혜만들기 작은도서관,도서관,서울 종로구 효제동,아이와함께,,
821,"경복궁, 세종문화회관",종로구,이화마을 작은도서관,도서관,서울 종로구 이화동,아이와함께,,
822,"경복궁, 세종문화회관",종로구,마로니에공원,근린공원,서울 종로구 동숭동,피크닉,,
823,"경복궁, 세종문화회관",종로구,낙산공원,근린공원,서울 종로구 동숭동,피크닉,,
824,"경복궁, 세종문화회관",종로구,탑골공원,근린공원,서울 종로구 종로2가,피크닉,,
825,"경복궁, 세종문화회관",종로구,북악팔각정,"도시,테마공원",서울 종로구 평창동,피크닉,,
826,"경복궁, 세종문화회관",종로구,와룡공원,"도시,테마공원",서울 종로구 명륜3가 53-52,피크닉,,
827,"경복궁, 세종문화회관",종로구,흥인지문공원,근린공원,서울 종로구 종로6가,피크닉,,
828,"경복궁, 세종문화회관",종로구,세종로공원,"도시,테마공원",서울 종로구 세종로,피크닉,,
829,"경복궁, 세종문화회관",종로구,무궁화동산,근린공원,서울 종로구 궁정동,피크닉,,
830,"경복궁, 세종문화회관",종로구,청진공원,근린공원,서울 종로구 청진동,피크닉,,
831,"경복궁, 세종문화회관",종로구,삼청공원,근린공원,서울 종로구 삼청동,피크닉,,
832,"경복궁, 세종문화회관",종로구,청운공원,"도시,테마공원",서울 종로구 청운동,피크닉,,
833,"경복궁, 세종문화회관",종로구,동묘공원,근린공원,서울 종로구 숭인동,피크닉,,
834,"경복궁, 세종문화회관",종로구,산마루 놀이터,근린공원,서울 종로구 창신동,피크닉,,
835,"경복궁, 세종문화회관",종로구,현대원서공원,"도시,테마공원",서울 종로구 원서동,피크닉,,
836,"경복궁, 세종문화회관",종로구,보신각공원,근린공원,서울 종로구 관철동,피크닉,,
837,"경복궁, 세종문화회관",종로구,숭인근린공원,근린공원,서울 종로구 숭인동,피크닉,,
838,"경복궁, 세종문화회관",종로구,사직근린공원,근린공원,서울 종로구 사직동,피크닉,,
839,"경복궁, 세종문화회관",종로구,통의동마을마당,근린공원,서울 종로구 통의동,피크닉,,
840,"경복궁, 세종문화회관",종로구,송현문화공원(2028년예정),근린공원,서울 종로구 송현동,피크닉,,
841,"경복궁, 세종문화회관",종로구,월암근린공원,근린공원,서울 종로구 송월동,피크닉,,
842,"경복궁, 세종문화회관",종로구,서울한양도성길,산책로,서울 종로구 삼청동,피크닉,,
843,"경복궁, 세종문화회관",종로구,주시경마당,근린공원,서울 종로구 당주동,피크닉,,
844,"경복궁, 세종문화회관",종로구,무악공원,근린공원,서울 종로구 무악동,피크닉,,
845,"경복궁, 세종문화회관",종로구,후창공원,근린공원,서울 종로구 평창동,피크닉,,
846,"경복궁, 세종문화회관",종로구,해맞이동산,근린공원,서울 종로구 옥인동,피크닉,,
847,"경복궁, 세종문화회관",종로구,내수어울공원,근린공원,서울 종로구 내수동,피크닉,,
848,"경복궁, 세종문화회관",종로구,내수공원,근린공원,서울 종로구 내수동,피크닉,,
849,"경복궁, 세종문화회관",종로구,Swap 스왑 플래그십 스토어 북촌,자전거,서울 종로구 삼청동,피크닉,,
850,"경복궁, 세종문화회관",종로구,한양도성인왕산순성안내쉼터,공원,서울 종로구 사직동,피크닉,,
851,"경복궁, 세종문화회관",종로구,경학어린이공원,공원,서울 종로구 명륜3가,피크닉,,
852,"경복궁, 세종문화회관",종로구,무악어린이공원,공원,서울 종로구 무악동,피크닉,,
853,"황리단길, 국립경주박물관",경주시,동궁과 월지,"호수,연못,저수지",경북 경주시 인왕동,자연명소,,
854,"황리단길, 국립경주박물관",경주시,나정고운모래해변,"해수욕장,해변",경북 경주시 감포읍,자연명소,,
855,"황리단길, 국립경주박물관",경주시,삼릉숲,"숲,숲길",경북 경주시 배동,자연명소,,
856,"황리단길, 국립경주박물관",경주시,경북천년숲정원,"숲,숲길",경북 경주시 남산동,자연명소,,
857,"황리단길, 국립경주박물관",경주시,전촌용굴,동굴,경북 경주시 감포읍,자연명소,,
858,"황리단길, 국립경주박물관",경주시,보문호,"호수,연못,저수지",경북 경주시 신평동,자연명소,,
859,"황리단길, 국립경주박물관",경주시,토함산,산,경북 경주시 보덕동,자연명소,,
860,"황리단길, 국립경주박물관",경주시,관성솔밭해변,"해수욕장,해변",경북 경주시 양남면,자연명소,,
861,"황리단길, 국립경주박물관",경주시,오류고아라해변,"해수욕장,해변",경북 경주시 감포읍,자연명소,,
862,"황리단길, 국립경주박물관",경주시,경주핑크뮬리,"서식지,군락지",경북 경주시 인왕동,자연명소,,
863,"황리단길, 국립경주박물관",경주시,봉길대왕암해변,"해수욕장,해변",경북 경주시 문무대왕면,자연명소,,
864,"황리단길, 국립경주박물관",경주시,나아해변,"해수욕장,해변",경북 경주시 양남면,자연명소,,
865,"황리단길, 국립경주박물관",경주시,화랑의언덕,자연명소,경북 경주시 산내면,자연명소,,
866,"황리단길, 국립경주박물관",경주시,통일전 은행나무길,자연명소,경북 경주시 남산동,자연명소,,
867,"황리단길, 국립경주박물관",경주시,편백숲내음길,"숲,숲길",경북 경주시 건천읍,자연명소,,
868,"황리단길, 국립경주박물관",경주시,전촌솔밭해변,"해수욕장,해변",경북 경주시 감포읍,자연명소,,
869,"황리단길, 국립경주박물관",경주시,도리마을 은행나무숲,"숲,숲길",경북 경주시 서면,자연명소,,
870,"황리단길, 국립경주박물관",경주시,소금강산,산,경북 경주시 용강동,자연명소,,
871,"황리단길, 국립경주박물관",경주시,토함산 수목경관숲,"숲,숲길",경북 경주시 문무대왕면,자연명소,,
872,"황리단길, 국립경주박물관",경주시,마석산,산,경북 경주시 내남면,자연명소,,
873,"황리단길, 국립경주박물관",경주시,오봉산,산,경북 경주시 서면,자연명소,,
874,"황리단길, 국립경주박물관",경주시,흥무로 벚꽃길,"거리,골목",경북 경주시 충효동,자연명소,,
875,"황리단길, 국립경주박물관",경주시,상계폭포,폭포,경북 경주시 양남면,자연명소,,
876,"황리단길, 국립경주박물관",경주시,낭산,산,경북 경주시 보문동,자연명소,,
877,"황리단길, 국립경주박물관",경주시,만불산,산,경북 경주시 서면,자연명소,,
878,"황리단길, 국립경주박물관",경주시,토함지,"저수지,제",경북 경주시 마동,자연명소,,
879,"황리단길, 국립경주박물관",경주시,무장봉,"봉우리,고지",경북 경주시 암곡동,자연명소,,
880,"황리단길, 국립경주박물관",경주시,영지,"저수지,제",경북 경주시 외동읍,자연명소,,
881,"황리단길, 국립경주박물관",경주시,하동저수지,"저수지,제",경북 경주시 하동,자연명소,,
882,"황리단길, 국립경주박물관",경주시,옥녀봉,"봉우리,고지",경북 경주시 충효동,자연명소,,
883,"황리단길, 국립경주박물관",경주시,금오봉,"봉우리,고지",경북 경주시 배동,자연명소,,
884,"황리단길, 국립경주박물관",경주시,서출지,"저수지,제",경북 경주시 남산동,자연명소,,
885,"황리단길, 국립경주박물관",경주시,놋점들,"들,평야",경북 경주시 황남동,자연명소,,
886,"황리단길, 국립경주박물관",경주시,화곡저수지,"저수지,제",경북 경주시 내남면,자연명소,,
887,"황리단길, 국립경주박물관",경주시,덕동호,호수,경북 경주시 덕동,자연명소,,
888,"황리단길, 국립경주박물관",경주시,성지저수지,"저수지,제",경북 경주시 천북면,자연명소,,
889,"황리단길, 국립경주박물관",경주시,용연폭포,폭포,경북 경주시 문무대왕면,자연명소,,
890,"황리단길, 국립경주박물관",경주시,포석정지,"저수지,제",경북 경주시 배동,자연명소,,
891,"황리단길, 국립경주박물관",경주시,형산강,하천,경북 경주시 황성동,자연명소,,
892,"황리단길, 국립경주박물관",경주시,산내면청룡폭포,폭포,경북 경주시 산내면,자연명소,,
893,"황리단길, 국립경주박물관",경주시,하곡지,"저수지,제",경북 경주시 안강읍,자연명소,,
894,"황리단길, 국립경주박물관",경주시,안계저수지,"저수지,제",경북 경주시 강동면,자연명소,,
895,"황리단길, 국립경주박물관",경주시,송선저수지,"저수지,제",경북 경주시 건천읍,자연명소,,
896,"황리단길, 국립경주박물관",경주시,부운못,"저수지,제",경북 경주시 서면,자연명소,,
897,"황리단길, 국립경주박물관",경주시,고위봉,"봉우리,고지",경북 경주시 내남면,자연명소,,
898,"황리단길, 국립경주박물관",경주시,밀이저수지,"저수지,제",경북 경주시 건천읍,자연명소,,
899,"황리단길, 국립경주박물관",경주시,수의지,"저수지,제",경북 경주시 산내면,자연명소,,
900,"황리단길, 국립경주박물관",경주시,상계저수지,"저수지,제",경북 경주시 양남면,자연명소,,
901,"황리단길, 국립경주박물관",경주시,산대저수지,"저수지,제",경북 경주시 안강읍,자연명소,,
902,"황리단길, 국립경주박물관",경주시,두산지,"저수지,제",경북 경주시 외동읍,자연명소,,
903,"황리단길, 국립경주박물관",경주시,대현지,"저수지,제",경북 경주시 산내면,자연명소,,
904,"황리단길, 국립경주박물관",경주시,화산곡지,"저수지,제",경북 경주시 안강읍,자연명소,,
905,"황리단길, 국립경주박물관",경주시,하동지,"저수지,제",경북 경주시 내남면,자연명소,,
906,"황리단길, 국립경주박물관",경주시,가척지,"저수지,제",경북 경주시 건천읍,자연명소,,
907,"황리단길, 국립경주박물관",경주시,장천지,"저수지,제",경북 경주시 건천읍,자연명소,,
908,"황리단길, 국립경주박물관",경주시,경주 버드파크,동물원,경북 경주시 북군동,테마파크,,
909,"황리단길, 국립경주박물관",경주시,경주동궁원,"식물원,수목원",경북 경주시 북군동,테마파크,,
910,"황리단길, 국립경주박물관",경주시,주렁주렁 동물원 경주점,동물원,경북 경주시 천군동,테마파크,,
911,"황리단길, 국립경주박물관",경주시,키즈베리딸기체험장,"관광농원,팜스테이",경북 경주시 서악동,테마파크,,
912,"황리단길, 국립경주박물관",경주시,강동 워터파크,워터파크,경북 경주시 천군동,테마파크,,
913,"황리단길, 국립경주박물관",경주시,키즈팜막내농부,"관광농원,팜스테이",경북 경주시 천북면,테마파크,,
914,"황리단길, 국립경주박물관",경주시,경주월드캘리포니아비치,워터파크,경북 경주시 천군동,테마파크,,
915,"황리단길, 국립경주박물관",경주시,드림농원,"관광농원,팜스테이",경북 경주시 문무대왕면,테마파크,,
916,"황리단길, 국립경주박물관",경주시,한화리조트 경주뽀로로아쿠아빌리지,워터파크,경북 경주시 북군동,테마파크,,
917,"황리단길, 국립경주박물관",경주시,월성원자력본부홍보관,"체험,홍보관",경북 경주시 양남면,테마파크,,
918,"황리단길, 국립경주박물관",경주시,꿈자람농원,"관광농원,팜스테이",경북 경주시 천북면,테마파크,,
919,"황리단길, 국립경주박물관",경주시,한수원 홍보관,"체험,홍보관",경북 경주시 문무대왕면,테마파크,,
920,"황리단길, 국립경주박물관",경주시,한우리팜,"관광농원,팜스테이",경북 경주시 내남면,테마파크,,
921,"황리단길, 국립경주박물관",경주시,경주허브랜드식물원,"식물원,수목원",경북 경주시 문무대왕면,테마파크,,
922,"황리단길, 국립경주박물관",경주시,허씨팜,"관광농원,팜스테이",경북 경주시 안강읍,테마파크,,
923,"황리단길, 국립경주박물관",경주시,살롱헤리티지,"체험,홍보관",경북 경주시 천군동,테마파크,,
924,"황리단길, 국립경주박물관",경주시,한수원기업홍보관SSNC,"체험,홍보관",경북 경주시 천군동,테마파크,,
925,"황리단길, 국립경주박물관",경주시,신라왕궁영상관,"체험,홍보관",경북 경주시 인왕동,테마파크,,
926,"황리단길, 국립경주박물관",경주시,경상북도관광홍보관,"체험,홍보관",경북 경주시 신평동,테마파크,,
927,"황리단길, 국립경주박물관",경주시,교촌홍보관,"체험,홍보관",경북 경주시 교동,테마파크,,
928,"황리단길, 국립경주박물관",경주시,경주외동조경공원,"관광농원,팜스테이",경북 경주시 외동읍,테마파크,,
929,"황리단길, 국립경주박물관",경주시,보문관광단지,"관람,체험",경북 경주시 신평동,체험관광,,
930,"황리단길, 국립경주박물관",경주시,감산사 템플스테이,템플스테이,경북 경주시 외동읍,체험관광,,
931,"황리단길, 국립경주박물관",경주시,신보문관광 유선장,"유람선,관광선",경북 경주시 신평동,체험관광,,
932,"황리단길, 국립경주박물관",경주시,경주 교촌한옥마을,체험마을,경북 경주시 교동,체험관광,,
933,"황리단길, 국립경주박물관",경주시,골굴사 템플스테이,템플스테이,경북 경주시 문무대왕면,체험관광,,
934,"황리단길, 국립경주박물관",경주시,교촌마을,체험마을,경북 경주시 교동,체험관광,,
935,"황리단길, 국립경주박물관",경주시,경주양남주상절리전망대,전망대,경북 경주시 양남면,체험관광,,
936,"황리단길, 국립경주박물관",경주시,금리단길,"거리,골목",경북 경주시 노동동,체험관광,,
937,"황리단길, 국립경주박물관",경주시,신라대종,지역명소,경북 경주시 노동동,체험관광,,
938,"황리단길, 국립경주박물관",경주시,경주민속공예촌,지역명소,경북 경주시 하동,체험관광,,
939,"황리단길, 국립경주박물관",경주시,불국사 템플스테이,템플스테이,경북 경주시 마동,체험관광,,
940,"황리단길, 국립경주박물관",경주시,경주엑스포대공원 경주타워,지역명소,경북 경주시 천군동,체험관광,,
941,"황리단길, 국립경주박물관",경주시,송대말등대,등대,경북 경주시 감포읍,체험관광,,
942,"황리단길, 국립경주박물관",경주시,불국사,"절,사찰",경북 경주시 진현동,체험관광,,
943,"황리단길, 국립경주박물관",경주시,감포해국길,"거리,골목",경북 경주시 감포읍,체험관광,,
944,"황리단길, 국립경주박물관",경주시,양동마을,체험마을,경북 경주시 강동면,체험관광,,
945,"황리단길, 국립경주박물관",경주시,골굴사,"절,사찰",경북 경주시 문무대왕면,체험관광,,
946,"황리단길, 국립경주박물관",경주시,대릉원돌담길,계절거리,경북 경주시 황남동,체험관광,,
947,"황리단길, 국립경주박물관",경주시,박목월생가,체험여행,경북 경주시 건천읍,체험관광,,
948,"황리단길, 국립경주박물관",경주시,선셋드몽,체험여행,경북 경주시 천북면,체험관광,,
949,"황리단길, 국립경주박물관",경주시,첨성대 해바라기밭,지역명소,경북 경주시 인왕동,체험관광,,
950,"황리단길, 국립경주박물관",경주시,석굴암전망대,전망대,경북 경주시 진현동,체험관광,,
951,"황리단길, 국립경주박물관",경주시,기림사,"절,사찰",경북 경주시 문무대왕면,체험관광,,
952,"황리단길, 국립경주박물관",경주시,감포정,전망대,경북 경주시 감포읍,체험관광,,
953,"황리단길, 국립경주박물관",경주시,감포항남방파제등대,등대,경북 경주시 감포읍,체험관광,,
954,"황리단길, 국립경주박물관",경주시,드라마[궁]촬영지,촬영장소,경북 경주시 인왕동,체험관광,,
955,"황리단길, 국립경주박물관",경주시,어썸월드 경주,체험여행,경북 경주시 천북면,체험관광,,
956,"황리단길, 국립경주박물관",경주시,오릉돌담길,계절거리,경북 경주시 탑동,체험관광,,
957,"황리단길, 국립경주박물관",경주시,황룡사마루길,계절거리,경북 경주시 구황동,체험관광,,
958,"황리단길, 국립경주박물관",경주시,꽃길한복,한복대여,경북 경주시 사정동,체험관광,,
959,"황리단길, 국립경주박물관",경주시,돌담길 한복,한복대여,경북 경주시 황남동,체험관광,,
960,"황리단길, 국립경주박물관",경주시,경주한복판,한복대여,경북 경주시 황남동,체험관광,,
961,"황리단길, 국립경주박물관",경주시,오늘한복,한복대여,경북 경주시 용강동,체험관광,,
962,"황리단길, 국립경주박물관",경주시,동경의상실셀프사진관,한복대여,경북 경주시 황남동,체험관광,,
963,"황리단길, 국립경주박물관",경주시,경주전동놀이터,자전거,경북 경주시 황남동,체험관광,,
964,"황리단길, 국립경주박물관",경주시,입고놀자,한복대여,경북 경주시 황남동,체험관광,,
965,"황리단길, 국립경주박물관",경주시,보문투어,자전거,경북 경주시 신평동,체험관광,,
966,"황리단길, 국립경주박물관",경주시,화연한복,한복대여,경북 경주시 황남동,체험관광,,
967,"황리단길, 국립경주박물관",경주시,대릉한복,한복대여,경북 경주시 노동동,체험관광,,
968,"황리단길, 국립경주박물관",경주시,한복과교복,한복대여,경북 경주시 황남동,체험관광,,
969,"황리단길, 국립경주박물관",경주시,분황사,"절,사찰",경북 경주시 구황동,체험관광,,
970,"황리단길, 국립경주박물관",경주시,황남자전거,자전거,경북 경주시 황남동,체험관광,,
971,"황리단길, 국립경주박물관",경주시,교촌의상실,한복대여,경북 경주시 교동,체험관광,,
972,"황리단길, 국립경주박물관",경주시,대릉원자전거대여,자전거,경북 경주시 황남동,체험관광,,
973,"황리단길, 국립경주박물관",경주시,옥룡암,"절,사찰",경북 경주시 배반동,체험관광,,
974,"황리단길, 국립경주박물관",경주시,주사암,"절,사찰",경북 경주시 서면,체험관광,,
975,"황리단길, 국립경주박물관",경주시,형산기원정사,"절,사찰",경북 경주시 강동면,체험관광,,
976,"황리단길, 국립경주박물관",경주시,여기 한복,한복대여,경북 경주시 황남동,체험관광,,
977,"황리단길, 국립경주박물관",경주시,백률사,"절,사찰",경북 경주시 동천동,체험관광,,
978,"황리단길, 국립경주박물관",경주시,고운자태한복,한복대여,경북 경주시 용강동,체험관광,,
979,"황리단길, 국립경주박물관",경주시,흥륜사,"절,사찰",경북 경주시 사정동,체험관광,,
980,"황리단길, 국립경주박물관",경주시,월드대여점,자전거,경북 경주시 천군동,체험관광,,
981,"황리단길, 국립경주박물관",경주시,망월사,"절,사찰",경북 경주시 배동,체험관광,,
982,"황리단길, 국립경주박물관",경주시,성건성당,천주교,경북 경주시 성건동,체험관광,,
983,"황리단길, 국립경주박물관",경주시,한결,한복대여,경북 경주시 탑동,체험관광,,
984,"황리단길, 국립경주박물관",경주시,관음사,"절,사찰",경북 경주시 감포읍,체험관광,,
985,"황리단길, 국립경주박물관",경주시,삼불사,"절,사찰",경북 경주시 배동,체험관광,,
986,"황리단길, 국립경주박물관",경주시,대한불교조계종 무일선원,"절,사찰",경북 경주시 감포읍,체험관광,,
987,"황리단길, 국립경주박물관",경주시,골굴사,"절,사찰",경북 경주시 문무대왕면,체험관광,,
988,"황리단길, 국립경주박물관",경주시,한국불교대학대관음사 감포도량,"절,사찰",경북 경주시 감포읍,체험관광,,
989,"황리단길, 국립경주박물관",경주시,보리사,"절,사찰",경북 경주시 배반동,체험관광,,
990,"황리단길, 국립경주박물관",경주시,진목정성지순교자기념성당,천주교,경북 경주시 산내면,체험관광,,
991,"황리단길, 국립경주박물관",경주시,백운암,"절,사찰",경북 경주시 내남면,체험관광,,
992,"황리단길, 국립경주박물관",경주시,관음사,"절,사찰",경북 경주시 감포읍,체험관광,,
993,"황리단길, 국립경주박물관",경주시,신선사,"절,사찰",경북 경주시 건천읍,체험관광,,
994,"황리단길, 국립경주박물관",경주시,금련사,"절,사찰",경북 경주시 현곡면,체험관광,,
995,"황리단길, 국립경주박물관",경주시,감산사,"절,사찰",경북 경주시 외동읍,체험관광,,
996,"황리단길, 국립경주박물관",경주시,무량사,"절,사찰",경북 경주시 남산동,체험관광,,
997,"황리단길, 국립경주박물관",경주시,대흥사,"절,사찰",경북 경주시 안강읍,체험관광,,
998,"황리단길, 국립경주박물관",경주시,길상사,"절,사찰",경북 경주시 감포읍,체험관광,,
999,"황리단길, 국립경주박물관",경주시,황룡사,"절,사찰",경북 경주시 황용동,체험관광,,
1000,"황리단길, 국립경주박물관",경주시,수곡사,"절,사찰",경북 경주시 외동읍,체험관광,,
1001,"황리단길, 국립경주박물관",경주시,법장사,"절,사찰",경북 경주시 노동동,체험관광,,
1002,"황리단길, 국립경주박물관",경주시,도덕암,불교,경북 경주시 안강읍,체험관광,,
1003,"황리단길, 국립경주박물관",경주시,천주사,"절,사찰",경북 경주시 건천읍,체험관광,,
1004,"황리단길, 국립경주박물관",경주시,와룡사,"절,사찰",경북 경주시 내남면,체험관광,,
1005,"황리단길, 국립경주박물관",경주시,신불사,"절,사찰",경북 경주시 양남면,체험관광,,
1006,"황리단길, 국립경주박물관",경주시,염불사,"절,사찰",경북 경주시 남산동,체험관광,,
1007,"황리단길, 국립경주박물관",경주시,마룡사,"절,사찰",경북 경주시 강동면,체험관광,,
1008,"황리단길, 국립경주박물관",경주시,불탑사,"절,사찰",경북 경주시 남산동,체험관광,,
1009,"황리단길, 국립경주박물관",경주시,임정사,"절,사찰",경북 경주시 외동읍,체험관광,,
1010,"황리단길, 국립경주박물관",경주시,표충사,"절,사찰",경북 경주시 황용동,체험관광,,
1011,"황리단길, 국립경주박물관",경주시,경주문무대왕릉,"릉,묘,총",경북 경주시 문무대왕면,문화유적,,
1012,"황리단길, 국립경주박물관",경주시,경주대릉원,"릉,묘,총",경북 경주시 황남동,문화유적,,
1013,"황리단길, 국립경주박물관",경주시,첨성대,"문화,유적",경북 경주시 인왕동,문화유적,,
1014,"황리단길, 국립경주박물관",경주시,석굴암,세계문화유산,경북 경주시 진현동,문화유적,,
1015,"황리단길, 국립경주박물관",경주시,월정교,국가유산,경북 경주시 교동,문화유적,,
1016,"황리단길, 국립경주박물관",경주시,천마총,"릉,묘,총",경북 경주시 황남동,문화유적,,
1017,"황리단길, 국립경주박물관",경주시,경주 양동마을,세계문화유산,경북 경주시 강동면,문화유적,,
1018,"황리단길, 국립경주박물관",경주시,경주역사유적지구,국가유산,경북 경주시 황남동,문화유적,,
1019,"황리단길, 국립경주박물관",경주시,금관총,"릉,묘,총",경북 경주시 노서동,문화유적,,
1020,"황리단길, 국립경주박물관",경주시,경주감은사지동서삼층석탑,국보,경북 경주시 문무대왕면,문화유적,,
1021,"황리단길, 국립경주박물관",경주시,무열왕릉,"릉,묘,총",경북 경주시 서악동,문화유적,,
1022,"황리단길, 국립경주박물관",경주시,경주읍성,국가유산,경북 경주시 동부동,문화유적,,
1023,"황리단길, 국립경주박물관",경주시,경주감은사지,"유적지,사적지",경북 경주시 문무대왕면,문화유적,,
1024,"황리단길, 국립경주박물관",경주시,포석정,국가유산,경북 경주시 배동,문화유적,,
1025,"황리단길, 국립경주박물관",경주시,성덕대왕신종(에밀레종),국보,경북 경주시 인왕동,문화유적,,
1026,"황리단길, 국립경주박물관",경주시,괘릉,"릉,묘,총",경북 경주시 외동읍,문화유적,,
1027,"황리단길, 국립경주박물관",경주시,황룡사지,"유적지,사적지",경북 경주시 구황동,문화유적,,
1028,"황리단길, 국립경주박물관",경주시,보문정,국가유산,경북 경주시 신평동,문화유적,,
1029,"황리단길, 국립경주박물관",경주시,칠불암,국보,경북 경주시 남산동,문화유적,,
1030,"황리단길, 국립경주박물관",경주시,운곡서원,"유적지,사적지",경북 경주시 강동면,문화유적,,
1031,"황리단길, 국립경주박물관",경주시,반월성,성곽명,경북 경주시 인왕동,문화유적,,
1032,"황리단길, 국립경주박물관",경주시,옥산서원,"문화,유적",경북 경주시 안강읍,문화유적,,
1033,"황리단길, 국립경주박물관",경주시,경주계림,국가유산,경북 경주시 교동,문화유적,,
1034,"황리단길, 국립경주박물관",경주시,통일전,"문화,유적",경북 경주시 남산동,문화유적,,
1035,"황리단길, 국립경주박물관",경주시,김유신장군묘,"릉,묘,총",경북 경주시 충효동,문화유적,,
1036,"황리단길, 국립경주박물관",경주시,경주최부자댁,"문화,유적",경북 경주시 교동,문화유적,,
1037,"황리단길, 국립경주박물관",경주시,선덕여왕릉,"릉,묘,총",경북 경주시 보문동,문화유적,,
1038,"황리단길, 국립경주박물관",경주시,황남동고분군,"릉,묘,총",경북 경주시 황남동,문화유적,,
1039,"황리단길, 국립경주박물관",경주시,경주 오릉,국가유산,경북 경주시 탑동,문화유적,,
1040,"황리단길, 국립경주박물관",경주시,봉황대,"문화,유적",경북 경주시 노동동,문화유적,,
1041,"황리단길, 국립경주박물관",경주시,신라고분정보센터,"문화,유적",경북 경주시 노서동,문화유적,,
1042,"황리단길, 국립경주박물관",경주시,경주석빙고,보물,경북 경주시 인왕동,문화유적,,
1043,"황리단길, 국립경주박물관",경주시,신문왕릉,국가유산,경북 경주시 배반동,문화유적,,
1044,"황리단길, 국립경주박물관",경주시,경주역사유적지구대릉원지구,세계문화유산,경북 경주시 황남동,문화유적,,
1045,"황리단길, 국립경주박물관",경주시,경주역사유적지구월성지구,세계문화유산,경북 경주시 교동,문화유적,,
1046,"황리단길, 국립경주박물관",경주시,황룡사9층목탑 목탑지,국가유산,경북 경주시 구황동,문화유적,,
1047,"황리단길, 국립경주박물관",경주시,열암곡마애불상,국가유산,경북 경주시 내남면,문화유적,,
1048,"황리단길, 국립경주박물관",경주시,이견대,국가유산,경북 경주시 감포읍,문화유적,,
1049,"황리단길, 국립경주박물관",경주시,불국사 석가탑,국보,경북 경주시 진현동,문화유적,,
1050,"황리단길, 국립경주박물관",경주시,분황사모전석탑,국보,경북 경주시 구황동,문화유적,,
1051,"황리단길, 국립경주박물관",경주시,경주남산칠불암마애불상군,국가유산,경북 경주시 남산동,문화유적,,
1052,"황리단길, 국립경주박물관",경주시,숭혜전,국가유산,경북 경주시 황남동,문화유적,,
1053,"황리단길, 국립경주박물관",경주시,경주남산불곡마애여래좌상,보물,경북 경주시 인왕동,문화유적,,
1054,"황리단길, 국립경주박물관",경주시,경주향교,"문화,유적",경북 경주시 교동,문화유적,,
1055,"황리단길, 국립경주박물관",경주시,흥덕왕릉,"릉,묘,총",경북 경주시 안강읍,문화유적,,
1056,"황리단길, 국립경주박물관",경주시,미추왕릉,"릉,묘,총",경북 경주시 황남동,문화유적,,
1057,"황리단길, 국립경주박물관",경주시,경주 나정,국가유산,경북 경주시 탑동,문화유적,,
1058,"황리단길, 국립경주박물관",경주시,경주천관사지,국가유산,경북 경주시 교동,문화유적,,
1059,"황리단길, 국립경주박물관",경주시,내물왕릉,"릉,묘,총",경북 경주시 교동,문화유적,,
1060,"황리단길, 국립경주박물관",경주시,경주역사유적지구남산지구,세계문화유산,경북 경주시 배동,문화유적,,
1061,"황리단길, 국립경주박물관",경주시,경주진덕여왕릉,"릉,묘,총",경북 경주시 현곡면,문화유적,,
1062,"황리단길, 국립경주박물관",경주시,용산서원,국가유산,경북 경주시 내남면,문화유적,,
1063,"황리단길, 국립경주박물관",경주시,분황사지,국가유산,경북 경주시 구황동,문화유적,,
1064,"황리단길, 국립경주박물관",경주시,명활성,성곽명,경북 경주시 보문동,문화유적,,
1065,"황리단길, 국립경주박물관",경주시,정혜사지13층석탑,기념물,경북 경주시 안강읍,문화유적,,
1066,"황리단길, 국립경주박물관",경주시,경주역사유적지구황룡사지구,세계문화유산,경북 경주시 구황동,문화유적,,
1067,"황리단길, 국립경주박물관",경주시,경주양동마을곡포헌,세계문화유산,경북 경주시 강동면,문화유적,,
1068,"황리단길, 국립경주박물관",경주시,경주남산탑곡마애불상군,보물,경북 경주시 배반동,문화유적,,
1069,"황리단길, 국립경주박물관",경주시,사천왕사지,국가유산,경북 경주시 배반동,문화유적,,
1070,"황리단길, 국립경주박물관",경주시,경주동부사적지대,국가유산,경북 경주시 황남동,문화유적,,
1071,"황리단길, 국립경주박물관",경주시,경주 황남리 고분군,국가유산,경북 경주시 황남동,문화유적,,
1072,"황리단길, 국립경주박물관",경주시,장항리사지,국가유산,경북 경주시 문무대왕면,문화유적,,
1073,"황리단길, 국립경주박물관",경주시,경주대릉원일원(노서리),국가유산,경북 경주시 노서동,문화유적,,
1074,"황리단길, 국립경주박물관",경주시,경주황복사지삼층석탑,기념물,경북 경주시 구황동,문화유적,,
1075,"황리단길, 국립경주박물관",경주시,신라태종무열왕릉비,"릉,묘,총",경북 경주시 서악동,문화유적,,
1076,"황리단길, 국립경주박물관",경주시,헌덕왕릉,"릉,묘,총",경북 경주시 동천동,문화유적,,
1077,"황리단길, 국립경주박물관",경주시,보리사마애석불,국가유산,경북 경주시 배반동,문화유적,,
1078,"황리단길, 국립경주박물관",경주시,경주구정리방형분,국가유산,경북 경주시 구정동,문화유적,,
1079,"황리단길, 국립경주박물관",경주시,경주남산용장사곡삼층석탑,보물,경북 경주시 내남면,문화유적,,
1080,"황리단길, 국립경주박물관",경주시,경주장항리서오층석탑,기념물,경북 경주시 문무대왕면,문화유적,,
1081,"황리단길, 국립경주박물관",경주시,경주남산동동서삼층석탑,기념물,경북 경주시 남산동,문화유적,,
1082,"황리단길, 국립경주박물관",경주시,무장사지,"유적지,사적지",경북 경주시 암곡동,문화유적,,
1083,"황리단길, 국립경주박물관",경주시,경주남산미륵곡석불좌상,보물,경북 경주시 배반동,문화유적,,
1084,"황리단길, 국립경주박물관",경주시,경주월성,국가유산,경북 경주시 인왕동,문화유적,,
1085,"황리단길, 국립경주박물관",경주시,경주양동마을송첨종택,국가유산,경북 경주시 강동면,문화유적,,
1086,"황리단길, 국립경주박물관",경주시,지마왕릉,"릉,묘,총",경북 경주시 배동,문화유적,,
1087,"황리단길, 국립경주박물관",경주시,굴불사지석불상,보물,경북 경주시 동천동,문화유적,,
1088,"황리단길, 국립경주박물관",경주시,경덕왕릉,"릉,묘,총",경북 경주시 내남면,문화유적,,
1089,"황리단길, 국립경주박물관",경주시,금척고분군,국가유산,경북 경주시 건천읍,문화유적,,
1090,"황리단길, 국립경주박물관",경주시,경주단석산신선사마애불상군,국가유산,경북 경주시 건천읍,문화유적,,
1091,"황리단길, 국립경주박물관",경주시,석굴암삼층석탑,기념물,경북 경주시 진현동,문화유적,,
1092,"황리단길, 국립경주박물관",경주시,용장사지,국가유산,경북 경주시 내남면,문화유적,,
1093,"황리단길, 국립경주박물관",경주시,경주구황동원지유적,"문화,유적",경북 경주시 구황동,문화유적,,
1094,"황리단길, 국립경주박물관",경주시,경주서악동삼층석탑,기념물,경북 경주시 서악동,문화유적,,
1095,"황리단길, 국립경주박물관",경주시,경주표암,기념물,경북 경주시 동천동,문화유적,,
1096,"황리단길, 국립경주박물관",경주시,경주미탄사지삼층석탑,기념물,경북 경주시 구황동,문화유적,,
1097,"황리단길, 국립경주박물관",경주시,경주쪽샘지구유적발굴터,"문화,유적",경북 경주시 황오동,문화유적,,
1098,"황리단길, 국립경주박물관",경주시,경주천군동동서삼층석탑,기념물,경북 경주시 천군동,문화유적,,
1099,"황리단길, 국립경주박물관",경주시,경주배동석조여래삼존입상,국가유산,경북 경주시 배동,문화유적,,
1100,"황리단길, 국립경주박물관",경주시,경주고선사지삼층석탑,기념물,경북 경주시 인왕동,문화유적,,
1101,"황리단길, 국립경주박물관",경주시,낭산마애삼존불,기념물,경북 경주시 배반동,문화유적,,
1102,"황리단길, 국립경주박물관",경주시,삼릉계곡마애석가여래좌상,국가유산,경북 경주시 배동,문화유적,,
1103,"황리단길, 국립경주박물관",경주시,경주양동마을근암고택,"문화,유적",경북 경주시 강동면,문화유적,,
1104,"황리단길, 국립경주박물관",경주시,경주나원리오층석탑,기념물,경북 경주시 현곡면,문화유적,,
1105,"황리단길, 국립경주박물관",경주시,경주용강동원지유적,국가유산,경북 경주시 용강동,문화유적,,
1106,"황리단길, 국립경주박물관",경주시,진흥왕릉,"릉,묘,총",경북 경주시 서악동,문화유적,,
1107,"황리단길, 국립경주박물관",경주시,경주배동삼릉,"릉,묘,총",경북 경주시 배동,문화유적,,
1108,"황리단길, 국립경주박물관",경주시,경주대릉원일원(노동리),국가유산,경북 경주시 노동동,문화유적,,
1109,"황리단길, 국립경주박물관",경주시,경주 분황사 당간지주,보물,경북 경주시 구황동,문화유적,,
1110,"황리단길, 국립경주박물관",경주시,경주레저,ATV체험장,경북 경주시 북군동,레저/액티비티,,
1111,"황리단길, 국립경주박물관",경주시,글로벌코리아 경주지점 신라의달,"수상,해양레저",경북 경주시 신평동,레저/액티비티,,
1112,"황리단길, 국립경주박물관",경주시,보불ATV레저체험장,ATV체험장,경북 경주시 천군동,레저/액티비티,,
1113,"황리단길, 국립경주박물관",경주시,블루탱호,배낚시,경북 경주시 양남면,레저/액티비티,,
1114,"황리단길, 국립경주박물관",경주시,경주패러글라이딩,"행글라이딩,패러글라이딩",경북 경주시 효현동,레저/액티비티,,
1115,"황리단길, 국립경주박물관",경주시,마린선상낚시,배낚시,경북 경주시 감포읍,레저/액티비티,,
1116,"황리단길, 국립경주박물관",경주시,화성호,배낚시,경북 경주시 감포읍,레저/액티비티,,
1117,"황리단길, 국립경주박물관",경주시,자연마술승마학교,승마장,경북 경주시 내남면,레저/액티비티,,
1118,"황리단길, 국립경주박물관",경주시,테크호,배낚시,경북 경주시 양남면,레저/액티비티,,
1119,"황리단길, 국립경주박물관",경주시,서라벌대학교승마장,승마장,경북 경주시 충효동,레저/액티비티,,
1120,"황리단길, 국립경주박물관",경주시,우키우키,"키즈카페,실내놀이터",경북 경주시 천군동,아이와함께,,
1121,"황리단길, 국립경주박물관",경주시,국립경주박물관,박물관,경북 경주시 인왕동,아이와함께,,
1122,"황리단길, 국립경주박물관",경주시,원더스페이스 보문점,테마파크,경북 경주시 신평동,아이와함께,,
1123,"황리단길, 국립경주박물관",경주시,경주 버드파크,동물원,경북 경주시 북군동,아이와함께,,
1124,"황리단길, 국립경주박물관",경주시,바니베어뮤지엄,박물관,경북 경주시 북군동,아이와함께,,
1125,"황리단길, 국립경주박물관",경주시,경주월드,테마파크,경북 경주시 천군동,아이와함께,,
1126,"황리단길, 국립경주박물관",경주시,주렁주렁 동물원 경주점,동물원,경북 경주시 천군동,아이와함께,,
1127,"황리단길, 국립경주박물관",경주시,추억의달동네,박물관,경북 경주시 하동,아이와함께,,
1128,"황리단길, 국립경주박물관",경주시,경주세계자동차박물관,박물관,경북 경주시 북군동,아이와함께,,
1129,"황리단길, 국립경주박물관",경주시,경주루지월드,테마파크,경북 경주시 신평동,아이와함께,,
1130,"황리단길, 국립경주박물관",경주시,키즈베리딸기체험장,"관광농원,팜스테이",경북 경주시 서악동,아이와함께,,
1131,"황리단길, 국립경주박물관",경주시,정글미디어파크,테마파크,경북 경주시 신평동,아이와함께,,
1132,"황리단길, 국립경주박물관",경주시,키즈팜막내농부,"관광농원,팜스테이",경북 경주시 천북면,아이와함께,,
1133,"황리단길, 국립경주박물관",경주시,국민힐링파크,테마파크,경북 경주시 산내면,아이와함께,,
1134,"황리단길, 국립경주박물관",경주시,경주양남주상절리,"관람,체험",경북 경주시 양남면,아이와함께,,
1135,"황리단길, 국립경주박물관",경주시,키덜트뮤지엄,박물관,경북 경주시 북군동,아이와함께,,
1136,"황리단길, 국립경주박물관",경주시,한국대중음악박물관,박물관,경북 경주시 신평동,아이와함께,,
1137,"황리단길, 국립경주박물관",경주시,황룡사역사문화관,박물관,경북 경주시 구황동,아이와함께,,
1138,"황리단길, 국립경주박물관",경주시,경주시 화랑마을,"관람,체험",경북 경주시 석장동,아이와함께,,
1139,"황리단길, 국립경주박물관",경주시,드림농원,"관광농원,팜스테이",경북 경주시 문무대왕면,아이와함께,,
1140,"황리단길, 국립경주박물관",경주시,이상복명과 경주빵 숲머리점,"관람,체험",경북 경주시 보문동,아이와함께,,
1141,"황리단길, 국립경주박물관",경주시,경상북도교육청 경주안전체험관,"관람,체험",경북 경주시 안강읍,아이와함께,,
1142,"황리단길, 국립경주박물관",경주시,꿈자람농원,"관광농원,팜스테이",경북 경주시 천북면,아이와함께,,
1143,"황리단길, 국립경주박물관",경주시,플래시백 계림,테마파크,경북 경주시 신평동,아이와함께,,
1144,"황리단길, 국립경주박물관",경주시,한우리팜,"관광농원,팜스테이",경북 경주시 내남면,아이와함께,,
1145,"황리단길, 국립경주박물관",경주시,금장대,"관람,체험",경북 경주시 석장동,아이와함께,,
1146,"황리단길, 국립경주박물관",경주시,신라역사과학관,과학관,경북 경주시 하동,아이와함께,,
1147,"황리단길, 국립경주박물관",경주시,라선재,"관람,체험",경북 경주시 현곡면,아이와함께,,
1148,"황리단길, 국립경주박물관",경주시,불국사박물관,박물관,경북 경주시 진현동,아이와함께,,
1149,"황리단길, 국립경주박물관",경주시,국립경주박물관 어린이박물관,박물관,경북 경주시 인왕동,아이와함께,,
1150,"황리단길, 국립경주박물관",경주시,허씨팜,"관광농원,팜스테이",경북 경주시 안강읍,아이와함께,,
1151,"황리단길, 국립경주박물관",경주시,또봇 정크아트뮤지엄,박물관,경북 경주시 천군동,아이와함께,,
1152,"황리단길, 국립경주박물관",경주시,화랑마을 유아숲체험원,"관람,체험",경북 경주시 석장동,아이와함께,,
1153,"황리단길, 국립경주박물관",경주시,박목월생가,체험여행,경북 경주시 건천읍,아이와함께,,
1154,"황리단길, 국립경주박물관",경주시,선셋드몽,체험여행,경북 경주시 천북면,아이와함께,,
1155,"황리단길, 국립경주박물관",경주시,경주 쪽샘유적발굴관,박물관,경북 경주시 황오동,아이와함께,,
1156,"황리단길, 국립경주박물관",경주시,깐깐한농부 신동욱'S 서라벌 딸기명가,"관광농원,팜스테이",경북 경주시 배동,아이와함께,,
1157,"황리단길, 국립경주박물관",경주시,경주엑스포대공원 자연사박물관,박물관,경북 경주시 천군동,아이와함께,,
1158,"황리단길, 국립경주박물관",경주시,경주취연벼루박물관,박물관,경북 경주시 동부동,아이와함께,,
1159,"황리단길, 국립경주박물관",경주시,신라를빛낸인물관,박물관,경북 경주시 진현동,아이와함께,,
1160,"황리단길, 국립경주박물관",경주시,임실치즈학교경주체험장,"관람,체험",경북 경주시 내남면,아이와함께,,
1161,"황리단길, 국립경주박물관",경주시,불국사박물관,박물관,경북 경주시 진현동,아이와함께,,
1162,"황리단길, 국립경주박물관",경주시,문무대왕해양역사관,박물관,경북 경주시 감포읍,아이와함께,,
1163,"황리단길, 국립경주박물관",경주시,경주외동조경공원,"관광농원,팜스테이",경북 경주시 외동읍,아이와함께,,
1164,"황리단길, 국립경주박물관",경주시,어썸월드 경주,체험여행,경북 경주시 천북면,아이와함께,,
1165,"황리단길, 국립경주박물관",경주시,동국대학교 WISE캠퍼스박물관,박물관,경북 경주시 석장동,아이와함께,,
1166,"황리단길, 국립경주박물관",경주시,히어로플레이파크 경주점,"키즈카페,실내놀이터",경북 경주시 용강동,아이와함께,,
1167,"황리단길, 국립경주박물관",경주시,경주전동놀이터,자전거,경북 경주시 황남동,아이와함께,,
1168,"황리단길, 국립경주박물관",경주시,월드킹 경주보스케점,"키즈카페,실내놀이터",경북 경주시 현곡면,아이와함께,,
1169,"황리단길, 국립경주박물관",경주시,보문투어,자전거,경북 경주시 신평동,아이와함께,,
1170,"황리단길, 국립경주박물관",경주시,경주시립도서관,시립도서관,경북 경주시 황성동,아이와함께,,
1171,"황리단길, 국립경주박물관",경주시,라한 원더랜드,"키즈카페,실내놀이터",경북 경주시 신평동,아이와함께,,
1172,"황리단길, 국립경주박물관",경주시,경주시립송화도서관,시립도서관,경북 경주시 충효동,아이와함께,,
1173,"황리단길, 국립경주박물관",경주시,황남자전거,자전거,경북 경주시 황남동,아이와함께,,
1174,"황리단길, 국립경주박물관",경주시,더스완 경주점,"키즈카페,실내놀이터",경북 경주시 현곡면,아이와함께,,
1175,"황리단길, 국립경주박물관",경주시,힐튼경주 안녕경주야,"키즈카페,실내놀이터",경북 경주시 신평동,아이와함께,,
1176,"황리단길, 국립경주박물관",경주시,슈퍼윙스키즈카페 홈플러스경주점,"키즈카페,실내놀이터",경북 경주시 용강동,아이와함께,,
1177,"황리단길, 국립경주박물관",경주시,대릉원자전거대여,자전거,경북 경주시 황남동,아이와함께,,
1178,"황리단길, 국립경주박물관",경주시,국립경주박물관 신라천년서고,도서관,경북 경주시 인왕동,아이와함께,,
1179,"황리단길, 국립경주박물관",경주시,헬로마이디노&VR,"키즈카페,실내놀이터",경북 경주시 천군동,아이와함께,,
1180,"황리단길, 국립경주박물관",경주시,제니스키즈카페 현곡점,"키즈카페,실내놀이터",경북 경주시 현곡면,아이와함께,,
1181,"황리단길, 국립경주박물관",경주시,경주시 아이누리 장난감도서관,어린이도서관,경북 경주시 황성동,아이와함께,,
1182,"황리단길, 국립경주박물관",경주시,헬로아이실내놀이터 현곡점,"키즈카페,실내놀이터",경북 경주시 현곡면,아이와함께,,
1183,"황리단길, 국립경주박물관",경주시,경주중앙도서관,시립도서관,경북 경주시 사정동,아이와함께,,
1184,"황리단길, 국립경주박물관",경주시,키즈룸 위드제나,"키즈카페,실내놀이터",경북 경주시 황성동,아이와함께,,
1185,"황리단길, 국립경주박물관",경주시,월드대여점,자전거,경북 경주시 천군동,아이와함께,,
1186,"황리단길, 국립경주박물관",경주시,코코몽 키즈플레이,"키즈카페,실내놀이터",경북 경주시 북군동,아이와함께,,
1187,"황리단길, 국립경주박물관",경주시,경상북도교육청 외동도서관,도서관,경북 경주시 외동읍,아이와함께,,
1188,"황리단길, 국립경주박물관",경주시,칠평도서관,도서관,경북 경주시 안강읍,아이와함께,,
1189,"황리단길, 국립경주박물관",경주시,아이문,"키즈카페,실내놀이터",경북 경주시 용강동,아이와함께,,
1190,"황리단길, 국립경주박물관",경주시,단석도서관,시립도서관,경북 경주시 건천읍,아이와함께,,
1191,"황리단길, 국립경주박물관",경주시,경주동궁원,"식물원,수목원",경북 경주시 북군동,피크닉,,
1192,"황리단길, 국립경주박물관",경주시,황성공원,근린공원,경북 경주시 황성동,피크닉,,
1193,"황리단길, 국립경주박물관",경주시,토함산자연휴양림,"휴양림,산림욕장",경북 경주시 문무대왕면,피크닉,,
1194,"황리단길, 국립경주박물관",경주시,경주허브랜드식물원,"식물원,수목원",경북 경주시 문무대왕면,피크닉,,
1195,"황리단길, 국립경주박물관",경주시,한국원자력환경공단 청정누리공원 코라디움,"도시,테마공원",경북 경주시 문무대왕면,피크닉,,
1196,"황리단길, 국립경주박물관",경주시,경주 서출지,"자연,생태공원",경북 경주시 남산동,피크닉,,
1197,"황리단길, 국립경주박물관",경주시,물레방아광장,근린공원,경북 경주시 신평동,피크닉,,
1198,"황리단길, 국립경주박물관",경주시,관광역사공원,근린공원,경북 경주시 북군동,피크닉,,
1199,"황리단길, 국립경주박물관",경주시,형산강역사문화관광공원,"도시,테마공원",경북 경주시 강동면,피크닉,,
1200,"황리단길, 국립경주박물관",경주시,흥무공원,근린공원,경북 경주시 충효동,피크닉,,
1201,"황리단길, 국립경주박물관",경주시,한화리조트 소요원,"도시,테마공원",경북 경주시 북군동,피크닉,,
1202,"황리단길, 국립경주박물관",경주시,형산강체육공원,"도시,테마공원",경북 경주시 황성동,피크닉,,
1203,"황리단길, 국립경주박물관",경주시,외동생활체육공원,"도시,테마공원",경북 경주시 외동읍,피크닉,,
1204,"황리단길, 국립경주박물관",경주시,하서해안공원,근린공원,경북 경주시 양남면,피크닉,,
1205,"황리단길, 국립경주박물관",경주시,물너울공원,근린공원,경북 경주시 북군동,피크닉,,
1206,"황리단길, 국립경주박물관",경주시,서경주 체육공원,"도시,테마공원",경북 경주시 건천읍,피크닉,,
1207,"황리단길, 국립경주박물관",경주시,구곡지친수공간,"자연,생태공원",경북 경주시 용강동,피크닉,,
1208,"황리단길, 국립경주박물관",경주시,경주전동놀이터,자전거,경북 경주시 황남동,피크닉,,
1209,"황리단길, 국립경주박물관",경주시,보문투어,자전거,경북 경주시 신평동,피크닉,,
1210,"황리단길, 국립경주박물관",경주시,황남자전거,자전거,경북 경주시 황남동,피크닉,,
1211,"황리단길, 국립경주박물관",경주시,대릉원자전거대여,자전거,경북 경주시 황남동,피크닉,,
1212,"황리단길, 국립경주박물관",경주시,타요타요전동차,"오락,레저용품",경북 경주시 북군동,피크닉,,
1213,"황리단길, 국립경주박물관",경주시,월드대여점,자전거,경북 경주시 천군동,피크닉,,
1214,"황리단길, 국립경주박물관",경주시,리틀포레스트 풀글램핑,"캠핑,야영장",경북 경주시 양남면,캠핑,,
1215,"황리단길, 국립경주박물관",경주시,캠피언 카라반,"캠핑,야영장",경북 경주시 구정동,캠핑,,
1216,"황리단길, 국립경주박물관",경주시,요맘때글램핑,"캠핑,야영장",경북 경주시 조양동,캠핑,,
1217,"황리단길, 국립경주박물관",경주시,오류캠핑장,"캠핑,야영장",경북 경주시 감포읍,캠핑,,
1218,"황리단길, 국립경주박물관",경주시,두 바퀴로 가는 자동차 관광농원,"캠핑,야영장",경북 경주시 산내면,캠핑,,
1219,"황리단길, 국립경주박물관",경주시,용장 글램핑,"캠핑,야영장",경북 경주시 내남면,캠핑,,
1220,"황리단길, 국립경주박물관",경주시,경주 글램핑 플레이스씨,"캠핑,야영장",경북 경주시 사정동,캠핑,,
1221,"황리단길, 국립경주박물관",경주시,별자리캠핑랜드,"캠핑,야영장",경북 경주시 배동,캠핑,,
1222,"황리단길, 국립경주박물관",경주시,밤부사운드캠핑장,"캠핑,야영장",경북 경주시 천북면,캠핑,,
1223,"황리단길, 국립경주박물관",경주시,경주 옴파로스 카라반,"캠핑,야영장",경북 경주시 천북면,캠핑,,
1224,"황리단길, 국립경주박물관",경주시,인디에어 글램핑,"캠핑,야영장",경북 경주시 하동,캠핑,,
1225,"황리단길, 국립경주박물관",경주시,달빛오름 경주,"캠핑,야영장",경북 경주시 현곡면,캠핑,,
1226,"황리단길, 국립경주박물관",경주시,경주힐링캠프,"캠핑,야영장",경북 경주시 산내면,캠핑,,
1227,"황리단길, 국립경주박물관",경주시,캠프 포레스트,"캠핑,야영장",경북 경주시 산내면,캠핑,,
1228,"황리단길, 국립경주박물관",경주시,경주 오아시스 글램핑,"캠핑,야영장",경북 경주시 구정동,캠핑,,
1229,"황리단길, 국립경주박물관",경주시,경주 다다 글램핑,"캠핑,야영장",경북 경주시 조양동,캠핑,,
1230,"황리단길, 국립경주박물관",경주시,캠프ing,"캠핑,야영장",경북 경주시 강동면,캠핑,,
1231,"황리단길, 국립경주박물관",경주시,산내956,"캠핑,야영장",경북 경주시 산내면,캠핑,,
1232,"황리단길, 국립경주박물관",경주시,어반파크 캠핑장&바베큐,"캠핑,야영장",경북 경주시 용강동,캠핑,,
1233,"황리단길, 국립경주박물관",경주시,휴앤락 오토캠핑장,"캠핑,야영장",경북 경주시 석장동,캠핑,,
1234,"황리단길, 국립경주박물관",경주시,나정고운모래해변 오토캠핑장,"캠핑,야영장",경북 경주시 감포읍,캠핑,,
1235,"황리단길, 국립경주박물관",경주시,명수원,"캠핑,야영장",경북 경주시 산내면,캠핑,,
1236,"황리단길, 국립경주박물관",경주시,보문카라반파크,"캠핑,야영장",경북 경주시 천군동,캠핑,,
1237,"황리단길, 국립경주박물관",경주시,캠프어게인,"캠핑,야영장",경북 경주시 내남면,캠핑,,
1238,"황리단길, 국립경주박물관",경주시,감포송아카라반펜션,"캠핑,야영장",경북 경주시 감포읍,캠핑,,
1239,"황리단길, 국립경주박물관",경주시,감산,"캠핑,야영장",경북 경주시 산내면,캠핑,,
1240,"황리단길, 국립경주박물관",경주시,텐타우스 카라반앤글램핑,"캠핑,야영장",경북 경주시 강동면,캠핑,,
1241,"황리단길, 국립경주박물관",경주시,오글오글글램핑장,"캠핑,야영장",경북 경주시 산내면,캠핑,,
1242,"황리단길, 국립경주박물관",경주시,산내캠핑일기,"캠핑,야영장",경북 경주시 산내면,캠핑,,
1243,"황리단길, 국립경주박물관",경주시,아름드리캠핑장,"캠핑,야영장",경북 경주시 외동읍,캠핑,,
1244,"황리단길, 국립경주박물관",경주시,경안글로브,"캠핑,야영장",경북 경주시 강동면,캠핑,,
1245,"황리단길, 국립경주박물관",경주시,하이스토리 캠핑장,"캠핑,야영장",경북 경주시 양남면,캠핑,,
1246,"황리단길, 국립경주박물관",경주시,무릉관광농원,"캠핑,야영장",경북 경주시 강동면,캠핑,,
1247,"황리단길, 국립경주박물관",경주시,트리팜캠프,"캠핑,야영장",경북 경주시 산내면,캠핑,,
1248,"황리단길, 국립경주박물관",경주시,캠핑팜,"캠핑,야영장",경북 경주시 산내면,캠핑,,
1249,"황리단길, 국립경주박물관",경주시,오솔길오토캠핑장,"캠핑,야영장",경북 경주시 산내면,캠핑,,
1250,"황리단길, 국립경주박물관",경주시,전원일기펜션오토캠핑장,"캠핑,야영장",경북 경주시 산내면,캠핑,,
1251,"황리단길, 국립경주박물관",경주시,조은캠핑,"캠핑,야영장",경북 경주시 동방동,캠핑,,
1252,"황리단길, 국립경주박물관",경주시,곤달비캠프,"캠핑,야영장",경북 경주시 산내면,캠핑,,
1253,"황리단길, 국립경주박물관",경주시,송림오토캠핑장,"캠핑,야영장",경북 경주시 감포읍,캠핑,,
1254,"황리단길, 국립경주박물관",경주시,편안캠핑장,"캠핑,야영장",경북 경주시 산내면,캠핑,,
1255,"황리단길, 국립경주박물관",경주시,산내자연캠프,"캠핑,야영장",경북 경주시 산내면,캠핑,,
1256,"황리단길, 국립경주박물관",경주시,초롱별야영장,"캠핑,야영장",경북 경주시 하동,캠핑,,
1257,"황리단길, 국립경주박물관",경주시,문두리 캠핑장,"캠핑,야영장",경북 경주시 산내면,캠핑,,
1258,"황리단길, 국립경주박물관",경주시,화랑마을오토캠핑장,"캠핑,야영장",경북 경주시 석장동,캠핑,,
1259,"황리단길, 국립경주박물관",경주시,문복산캠핑장,"캠핑,야영장",경북 경주시 산내면,캠핑,,
1260,"황리단길, 국립경주박물관",경주시,봄날처럼,"캠핑,야영장",경북 경주시 안강읍,캠핑,,
1261,"황리단길, 국립경주박물관",경주시,라라캠핑장,"캠핑,야영장",경북 경주시 양남면,캠핑,,
1262,"황리단길, 국립경주박물관",경주시,그린하우스펜션캠핑장,"캠핑,야영장",경북 경주시 산내면,캠핑,,
1263,"황리단길, 국립경주박물관",경주시,솔밭캠핑장,"캠핑,야영장",경북 경주시 양남면,캠핑,,
1264,"황리단길, 국립경주박물관",경주시,청석들캠핑장,"캠핑,야영장",경북 경주시 산내면,캠핑,,
1265,"황리단길, 국립경주박물관",경주시,반딧불이 오토캠핑장,"캠핑,야영장",경북 경주시 산내면,캠핑,,
1266,"황리단길, 국립경주박물관",경주시,산내별빛오토캠핑장,"캠핑,야영장",경북 경주시 산내면,캠핑,,
1267,"황리단길, 국립경주박물관",경주시,골드문 오토캠핑장,"캠핑,야영장",경북 경주시 감포읍,캠핑,,
1268,"황리단길, 국립경주박물관",경주시,스마일캠핑장,"캠핑,야영장",경북 경주시 산내면,캠핑,,
1269,"황리단길, 국립경주박물관",경주시,별빛은하수캠핑장,"캠핑,야영장",경북 경주시 산내면,캠핑,,
1270,"황리단길, 국립경주박물관",경주시,경주시 화랑마을육부촌야영장,"캠핑,야영장",경북 경주시 석장동,캠핑,,
1271,"황리단길, 국립경주박물관",경주시,토함산 마이웨이 야영장,"캠핑,야영장",경북 경주시 문무대왕면,캠핑,,
1272,"황리단길, 국립경주박물관",경주시,가온누리캠핑체험장,"캠핑,야영장",경북 경주시 안강읍,캠핑,,
1273,"황리단길, 국립경주박물관",경주시,월계수오토캠핑,"캠핑,야영장",경북 경주시 산내면,캠핑,,
1274,"황리단길, 국립경주박물관",경주시,소풍캠핑장,"캠핑,야영장",경북 경주시 천북면,캠핑,,
1275,"황리단길, 국립경주박물관",경주시,토함산자연휴양림캠핑장,"캠핑,야영장",경북 경주시 문무대왕면,캠핑,,
1276,"황리단길, 국립경주박물관",경주시,카라반스,"캠핑,야영장",경북 경주시 동방동,캠핑,,
1277,"수원시장, 행리단길",팔달구,수원나혜석거리,"거리,골목",경기 수원시 팔달구 인계동,체험관광,,
1278,"수원시장, 행리단길",팔달구,수원역로데오거리,"거리,골목",경기 수원시 팔달구 매산로1가,체험관광,,
1279,"수원시장, 행리단길",팔달구,수원통닭거리,먹자거리,경기 수원시 팔달구 팔달로1가,체험관광,,
1280,"수원시장, 행리단길",팔달구,행궁동벽화마을,체험마을,경기 수원시 팔달구 북수동,체험관광,,
1281,"수원시장, 행리단길",팔달구,지동시장 순대타운,먹자거리,경기 수원시 팔달구 지동,체험관광,,
1282,"수원시장, 행리단길",팔달구,여민각,지역명소,경기 수원시 팔달구 팔달로1가,체험관광,,
1283,"수원시장, 행리단길",팔달구,대한불교조계종 봉녕사,"절,사찰",경기 수원시 팔달구 우만동,체험관광,,
1284,"수원시장, 행리단길",팔달구,공방거리,문화거리,경기 수원시 팔달구 남창동,체험관광,,
1285,"수원시장, 행리단길",팔달구,수원다문화푸드랜드,먹자거리,경기 수원시 팔달구 매산로1가,체험관광,,
1286,"수원시장, 행리단길",팔달구,남수동 한옥체험마을,체험마을,경기 수원시 팔달구 남수동,체험관광,,
1287,"수원시장, 행리단길",팔달구,서나비한복,한복대여,경기 수원시 팔달구 인계동,체험관광,,
1288,"수원시장, 행리단길",팔달구,테힐라한복 수원점,한복대여,경기 수원시 팔달구 인계동,체험관광,,
1289,"수원시장, 행리단길",팔달구,규중칠우,한복대여,경기 수원시 팔달구 매산로3가,체험관광,,
1290,"수원시장, 행리단길",팔달구,이본한복,한복대여,경기 수원시 팔달구 매산로3가,체험관광,,
1291,"수원시장, 행리단길",팔달구,장금이공방 행궁점,한복대여,경기 수원시 팔달구 팔달로1가,체험관광,,
1292,"수원시장, 행리단길",팔달구,팔달사,"절,사찰",경기 수원시 팔달구 팔달로3가,체험관광,,
1293,"수원시장, 행리단길",팔달구,대승원,"절,사찰",경기 수원시 팔달구 남창동,체험관광,,
1294,"수원시장, 행리단길",팔달구,메리드한복,한복대여,경기 수원시 팔달구 인계동,체험관광,,
1295,"수원시장, 행리단길",팔달구,플로렌스 민서샵,한복대여,경기 수원시 팔달구 인계동,체험관광,,
1296,"수원시장, 행리단길",팔달구,인계동성당,천주교,경기 수원시 팔달구 인계동,체험관광,,
1297,"수원시장, 행리단길",팔달구,이채휴우리옷,한복대여,경기 수원시 팔달구 장안동,체험관광,,
1298,"수원시장, 행리단길",팔달구,행궁채움아뜰리에 SOO,한복대여,경기 수원시 팔달구 남창동,체험관광,,
1299,"수원시장, 행리단길",팔달구,봉녕사문화원 금라,"절,사찰",경기 수원시 팔달구 우만동,체험관광,,
1300,"수원시장, 행리단길",팔달구,화성행궁,궁궐,경기 수원시 팔달구 남창동,문화유적,,
1301,"수원시장, 행리단길",팔달구,장안문,국가유산,경기 수원시 팔달구 장안동,문화유적,,
1302,"수원시장, 행리단길",팔달구,서장대,국가유산,경기 수원시 팔달구 남창동,문화유적,,
1303,"수원시장, 행리단길",팔달구,팔달문,기념물,경기 수원시 팔달구 팔달로2가,문화유적,,
1304,"수원시장, 행리단길",팔달구,화서문,보물,경기 수원시 팔달구 장안동,문화유적,,
1305,"수원시장, 행리단길",팔달구,창룡문,기념물,경기 수원시 팔달구 남수동,문화유적,,
1306,"수원시장, 행리단길",팔달구,화홍문,기념물,경기 수원시 팔달구 북수동,문화유적,,
1307,"수원시장, 행리단길",팔달구,동장대,국가유산,경기 수원시 팔달구 매향동,문화유적,,
1308,"수원시장, 행리단길",팔달구,근대문화공간 수원구부국원,국가유산,경기 수원시 팔달구 교동,문화유적,,
1309,"수원시장, 행리단길",팔달구,수원향교,"문화,유적",경기 수원시 팔달구 교동,문화유적,,
1310,"수원시장, 행리단길",팔달구,화령전,국가유산,경기 수원시 팔달구 신풍동,문화유적,,
1311,"수원시장, 행리단길",팔달구,북지터,"문화,유적",경기 수원시 팔달구 장안동,문화유적,,
1312,"수원시장, 행리단길",팔달구,수원화성화홍문,기념물,경기 수원시 팔달구 북수동,문화유적,,
1313,"수원시장, 행리단길",팔달구,동북공심돈,성곽명,경기 수원시 팔달구 매향동,문화유적,,
1314,"수원시장, 행리단길",팔달구,서북공심돈,"문화,유적",경기 수원시 팔달구 장안동,문화유적,,
1315,"수원시장, 행리단길",팔달구,수원화성봉돈,국가유산,경기 수원시 팔달구 남수동,문화유적,,
1316,"수원시장, 행리단길",팔달구,수원창성사지진각국사탑비,보물,경기 수원시 팔달구 매향동,문화유적,,
1317,"수원시장, 행리단길",팔달구,수원화성동암문,성곽문,경기 수원시 팔달구 매향동,문화유적,,
1318,"수원시장, 행리단길",팔달구,수원화성북암문,성곽문,경기 수원시 팔달구 매향동,문화유적,,
1319,"수원시장, 행리단길",팔달구,정조대왕동상,기념물,경기 수원시 팔달구 신풍동,문화유적,,
1320,"수원시장, 행리단길",팔달구,수원구소화초등학교,국가유산,경기 수원시 팔달구 북수동,문화유적,,
1321,"수원시장, 행리단길",팔달구,수원시팔달산지석묘군,"릉,묘,총",경기 수원시 팔달구 교동,문화유적,,
1322,"수원시장, 행리단길",팔달구,봉녕사석조삼존불,기념물,경기 수원시 팔달구 우만동,문화유적,,
1323,"수원시장, 행리단길",팔달구,수원화성박물관,박물관,경기 수원시 팔달구 매향동,아이와함께,,
1324,"수원시장, 행리단길",팔달구,플라잉수원,"관람,체험",경기 수원시 팔달구 지동,아이와함께,,
1325,"수원시장, 행리단길",팔달구,수원월드컵경기장 축구박물관,박물관,경기 수원시 팔달구 우만동,아이와함께,,
1326,"수원시장, 행리단길",팔달구,게코카페티라노 행궁점,동물카페,경기 수원시 팔달구 남창동,아이와함께,,
1327,"수원시장, 행리단길",팔달구,원더빌키즈카페 수원점,"키즈카페,실내놀이터",경기 수원시 팔달구 고등동,아이와함께,,
1328,"수원시장, 행리단길",팔달구,수원시립중앙도서관,시립도서관,경기 수원시 팔달구 교동,아이와함께,,
1329,"수원시장, 행리단길",팔달구,코코몽키즈랜드 뉴코아아울렛 동수원점,"키즈카페,실내놀이터",경기 수원시 팔달구 인계동,아이와함께,,
1330,"수원시장, 행리단길",팔달구,화서다산도서관,도서관,경기 수원시 팔달구 화서동,아이와함께,,
1331,"수원시장, 행리단길",팔달구,수원시립창룡도서관,도서관,경기 수원시 팔달구 우만동,아이와함께,,
1332,"수원시장, 행리단길",팔달구,무제한 베이비카페 베이비베이비,"키즈카페,실내놀이터",경기 수원시 팔달구 인계동,아이와함께,,
1333,"수원시장, 행리단길",팔달구,수원시립선경도서관,도서관,경기 수원시 팔달구 신풍동,아이와함께,,
1334,"수원시장, 행리단길",팔달구,별빛키즈룸,"키즈카페,실내놀이터",경기 수원시 팔달구 우만동,아이와함께,,
1335,"수원시장, 행리단길",팔달구,롤리폴리 행궁점,"키즈카페,실내놀이터",경기 수원시 팔달구 신풍동,아이와함께,,
1336,"수원시장, 행리단길",팔달구,경기도행정도서관,도서관,경기 수원시 팔달구 매산로3가,아이와함께,,
1337,"수원시장, 행리단길",팔달구,블럭앤키즈 화서점,"키즈카페,실내놀이터",경기 수원시 팔달구 화서동,아이와함께,,
1338,"수원시장, 행리단길",팔달구,경기도시각장애인도서관,전문도서관,경기 수원시 팔달구 화서동,아이와함께,,
1339,"수원시장, 행리단길",팔달구,블럭버스 뉴코아아울렛 동수원점,"키즈카페,실내놀이터",경기 수원시 팔달구 인계동,아이와함께,,
1340,"수원시장, 행리단길",팔달구,행궁동 새마을문고,도서관,경기 수원시 팔달구 신풍동,아이와함께,,
1341,"수원시장, 행리단길",팔달구,효원공원,"도시,테마공원",경기 수원시 팔달구 인계동,피크닉,,
1342,"수원시장, 행리단길",팔달구,서호공원,"도시,테마공원",경기 수원시 팔달구 화서동,피크닉,,
1343,"수원시장, 행리단길",팔달구,화서공원,근린공원,경기 수원시 팔달구 화서동,피크닉,,
1344,"수원시장, 행리단길",팔달구,숙지공원,"도시,테마공원",경기 수원시 팔달구 화서동,피크닉,,
1345,"수원시장, 행리단길",팔달구,인계예술공원,근린공원,경기 수원시 팔달구 인계동,피크닉,,
1346,"수원시장, 행리단길",팔달구,효원공원월화원,테마공원,경기 수원시 팔달구 인계동,피크닉,,
1347,"수원시장, 행리단길",팔달구,수원시청소년문화공원,근린공원,경기 수원시 팔달구 인계동,피크닉,,
1348,"수원시장, 행리단길",팔달구,팔달공원,"도시,테마공원",경기 수원시 팔달구 고등동,피크닉,,
1349,"수원시장, 행리단길",팔달구,수원월드컵경기장조각공원,근린공원,경기 수원시 팔달구 우만동,피크닉,,
1350,"수원시장, 행리단길",팔달구,인계3호공원,근린공원,경기 수원시 팔달구 인계동,피크닉,,
1351,"수원시장, 행리단길",팔달구,수원월드컵경기장중앙광장,근린공원,경기 수원시 팔달구 우만동,피크닉,,
1352,"수원시장, 행리단길",팔달구,쌍우물어린이공원,공원,경기 수원시 팔달구 고등동,피크닉,,
